"id","Disctrict","AC","Panchayat","Sno.","Village Name","Habitation Name","Source Type","Source Type Category Location","Location","Type","Scheme Name"
1,"Khagaria","Alauli","Chhilkauri",1,"CHHIL KAURI","BHAGWAN PUR","Shallow Tubew ell","Ground Water",,"HandPump","ALAULI H.T. Water Supply Scheme(0001986156)"
2,"Khagaria","Alauli","Chhilkauri",2,"CHHIL KAURI","BHAGWAN PUR","Deep Tubew ell","Ground Water","MIDDLE SCHOOL BHAGWANPUR MUSHAHRI","PWS","MINI PIPE WATER SUPPLY SCHEME CHHILKAURI(0006489369)"
3,"Khagaria","Alauli","Chhilkauri",3,"CHHIL KAURI","CHHILKOURI","Shallow Tubew ell","Ground Water",,"HandPump","ALAULI H.T. Water Supply Scheme(0001986156)"
4,"Khagaria","Alauli","Chhilkauri",4,"CHHIL KAURI","CHHILKOURI","Shallow Tubew ell","Ground Water","Sikender Kumar","HandPump","Sustainable T/W(0006952680)"
5,"Khagaria","Alauli","Chhilkauri",5,"CHHIL KAURI","JHAKRA","Shallow Tubew ell","Ground Water",,"HandPump","Alauli New  Sinking H.T. Water Supply(0001988594)"
6,"Khagaria","Alauli","Chhilkauri",6,"CHHIL KAURI","JHAKRA","Shallow Tubew ell","Ground Water","Sri Harendra Ray","HandPump","Sinkking Of T/W With I R P(Anil Kr F2/11/09-10) (0006493525)"
7,"Khagaria","Alauli","Chhilkauri",7,"CHHIL KAURI","JHAKRA","Shallow Tubew ell","Ground Water","Tarkeshw ar Singh","HandPump","Sustainable T/W(0006952680)"
8,"Khagaria","Alauli","Chhilkauri",8,"CHHIL KAURI","KABHHUA","Shallow Tubew ell","Ground Water",,"HandPump","Alauli New  Sinking H.T. Water Supply(0001988594)"
9,"Khagaria","Alauli","Chhilkauri",9,"CHHIL KAURI","KABHHUA","Deep Tubew ell","Ground Water","Ram Parkash Sada","HandPump","IM II T/W NRDWP SUSTAINABLE(Sri Abhishek Kumar, F- 2/3/2013-14) (0006492566)"
10,"Khagaria","Alauli","Chhilkauri",10,"CHHIL KAURI","KABHHUA","Deep Tubew ell","Ground Water","Ramsaw rup Sada","HandPump","IM II T/W NRDWP SUSTAINABLE(Sri Abhishek Kumar, F- 2/3/2013-14) (0006492566)"
11,"Khagaria","Alauli","Chhilkauri",11,"CHHIL KAURI","KABHHUA","Shallow Tubew ell","Ground Water","RAJKUMAR YADAV","HandPump","INSTALLATION OF HAND PUMPS(0001962055)"
12,"Khagaria","Alauli","Chhilkauri",12,"CHHIL KAURI","KANCHAN MUSHHARI","Shallow Tubew ell","Ground Water",,"HandPump","Alauli New  Sinking H.T. Water Supply(0001988594)"
13,"Khagaria","Alauli","Chhilkauri",13,"CHHIL KAURI","NAVTOLIYA","Shallow Tubew ell","Ground Water",,"HandPump","Alauli New  Sinking H.T. Water Supply(0001988594)"
14,"Khagaria","Alauli","Chhilkauri",14,"CHHIL KAURI","NAVTOLIYA","Shallow Tubew ell","Ground Water","Sri Punit Tati","HandPump","Sinkking Of T/W With I R P(Anil Kr F2/11/09-10) (0006493525)"
15,"Khagaria","Alauli","Chhilkauri",15,"CHHIL KAURI","PIPARPANTI","Shallow Tubew ell","Ground Water",,"HandPump","Alauli New  Sinking H.T. Water Supply(0001988594)"
16,"Khagaria","Alauli","Chhilkauri",16,"CHHIL KAURI","POKHRA","Shallow Tubew ell","Ground Water",,"HandPump","Alauli New  Sinking H.T. Water Supply(0001988594)"
17,"Khagaria","Alauli","Chhilkauri",17,"CHHIL KAURI","URDAHA","Shallow Tubew ell","Ground Water",,"HandPump","Alauli New  Sinking H.T. Water Supply(0001988594)"
18,"Khagaria","Alauli","Chhilkauri",18,"MACHHRA","GANGA SAGAR","Shallow Tubew ell","Ground Water",,"HandPump","Alauli New  Sinking H.T. Water Supply(0001988594)"
19,"Khagaria","Alauli","Chhilkauri",19,"MACHHRA","LAHTORVA","Shallow Tubew ell","Ground Water",,"HandPump","Alauli New  Sinking H.T. Water Supply(0001988594)"
20,"Khagaria","Alauli","Chhilkauri",20,"MACHHRA","MACHHRA","Shallow Tubew ell","Ground Water",,"HandPump","ALAULI H.T. Water Supply Scheme(0001986156)"
21,"Khagaria","Alauli","Chhilkauri",21,"MACHHRA","MACHHRA","Deep Tubew ell","Ground Water","MACHHARA DIH","PWS","MPWSS MACHHARA DIH(0006489401)"
22,"Khagaria","Alauli","Chhilkauri",22,"MACHHRA","PIPAR PANTI","Shallow Tubew ell","Ground Water",,"HandPump","ALAULI H.T. Water Supply Scheme(0001986156)"
23,"Khagaria","Alauli","Haripur",1,"HARPUR","HARIJAN TOLA","Shallow Tubew ell","Ground Water",,"HandPump","ALAULI H.T. Water Supply Scheme(0001986156)"
24,"Khagaria","Alauli","Haripur",2,"HARPUR","HARIJAN TOLA","Shallow Tubew ell","Ground Water",,"HandPump","ALAULI H.T. Water Supply Scheme(0001986156)"
25,"Khagaria","Alauli","Haripur",3,"HARPUR","HARIJAN TOLA","Shallow Tubew ell","Ground Water","Jamnijan Ghat","HandPump","Sustainable T/W(0006952680)"
26,"Khagaria","Alauli","Haripur",4,"HARPUR","HARIPUR","Shallow Tubew ell","Ground Water","Vikash Kumar","HandPump","ALAULI H.T. Water Supply Scheme(0001986156)"
27,"Khagaria","Alauli","Haripur",5,"HARPUR","HARIPUR","Shallow Tubew ell","Ground Water","Ramesh Kumar","HandPump","ALAULI H.T. Water Supply Scheme(0001986156)"
28,"Khagaria","Alauli","Haripur",6,"HARPUR","HARIPUR","Shallow Tubew ell","Ground Water","Near Mandir","HandPump","ALAULI H.T. Water Supply Scheme(0001986156)"
29,"Khagaria","Alauli","Haripur",7,"HARPUR","HARIPUR","Shallow Tubew ell","Ground Water","Near Samudai Bhavan","HandPump","ALAULI H.T. Water Supply Scheme(0001986156)"
30,"Khagaria","Alauli","Haripur",8,"HARPUR","HARIPUR","Deep Tubew ell","Ground Water","HIGH SCHOOL HARIPUR","PWS","MPWSS(0006489432)"
31,"Khagaria","Alauli","Haripur",9,"HARPUR","HARIPUR","Shallow Tubew ell","Ground Water","Pokhar","HandPump","Sustainable T/W(0006952680)"
32,"Khagaria","Alauli","Haripur",10,"NISTA","DALAN","Deep Tubew ell","Ground Water",,"HandPump","Alauli Hand Pump(0002677209)"
33,"Khagaria","Alauli","Haripur",11,"NISTA","DALAN","Deep Tubew ell","Ground Water","Dalan Ghat","HandPump","IM II T/W NRDWP SUSTAINABLE(Sri Abhishek Kumar, F- 2/3/2013-14) (0006492566)"
34,"Khagaria","Alauli","Haripur",12,"NISTA","NISTA","Shallow Tubew ell","Ground Water",,"HandPump","ALAULI H.T. Water Supply Scheme(0001986156)"
35,"Khagaria","Alauli","Haripur",13,"NISTA","NISTA","Deep Tubew ell","Ground Water","Samudaik Bhaw an","HandPump","IM II T/W NRDWP SUSTAINABLE(Sri Abhishek Kumar, F- 2/3/2013-14) (0006492566)"
36,"Khagaria","Alauli","Hathloan",1,"HATHWAN","BANHER","Shallow Tubew ell","Ground Water",,"HandPump","ALAULI H.T. Water Supply Scheme(0001986156)"
37,"Khagaria","Alauli","Hathloan",2,"HATHWAN","BANHER","Shallow Tubew ell","Ground Water","SRI KUNDER KISHOR SADA","HandPump","SINKKING OF T/W WITH I R P(0006491450)"
38,"Khagaria","Alauli","Hathloan",3,"HATHWAN","BANHER","Shallow Tubew ell","Ground Water","Abdhesh Yadav","HandPump","Sustainable T/W(0006952680)"
39,"Khagaria","Alauli","Hathloan",4,"HATHWAN","GADAHBANI","Shallow Tubew ell","Ground Water",,"HandPump","ALAULI H.T. Water Supply Scheme(0001986156)"
40,"Khagaria","Alauli","Hathloan",5,"HATHWAN","GADAHBANI","Deep Tubew ell","Ground Water","Mushahri","HandPump","IM II T/W NRDWP SUSTAINABLE(Sri Abhishek Kumar, F- 2/3/2013-14) (0006492566)"
41,"Khagaria","Alauli","Hathloan",6,"HATHWAN","GADAHBANI","Deep Tubew ell","Ground Water","Ramkripal Yadav","HandPump","NRDWP(0007074667)"
42,"Khagaria","Alauli","Hathloan",7,"HATHWAN","GADAHBANI","Shallow Tubew ell","Ground Water","Sri Subodh Yadav","HandPump","Sinkking Of T/W With I R P(Anil Kr F2/11/09- 10)(0006493525)"
43,"Khagaria","Alauli","Hathloan",8,"HATHWAN","HATHWAN","Shallow Tubew ell","Ground Water",,"HandPump","ALAULI H.T. Water Supply Scheme(0001986156)"
44,"Khagaria","Alauli","Hathloan",9,"HATHWAN","HATHWAN","Shallow Tubew ell","Ground Water",,"HandPump","ALAULI H.T. Water Supply Scheme(0001986156)"
45,"Khagaria","Alauli","Hathloan",10,"HATHWAN","HATHWAN","Deep Tubew ell","Ground Water","MIDDIL SCHOOL HATHWAN","HandPump","IM II T/W NRDWP SUSTAINABLE(Sri Abhishek Kumar, F- 2/3/2013-14) (0006492566)"
46,"Khagaria","Alauli","Hathloan",11,"HATHWAN","HATHWAN","Shallow Tubew ell","Ground Water",,"HandPump","INSTALLATION OF HAND PUMPS(0001960218)"
47,"Khagaria","Alauli","Hathloan",12,"HATHWAN","HATHWAN","Shallow Tubew ell","Ground Water","RAM DULAR YADAV","HandPump","Sinkking Of T/W With I R P(0006490220)"
48,"Khagaria","Alauli","Hathloan",13,"HATHWAN","HATHWAN","Shallow Tubew ell","Ground Water","RAM DULAR YADAV","HandPump","Sinkking Of T/W With I R P(0006490220)"
49,"Khagaria","Alauli","Hathloan",14,"HATHWAN","HATHWAN","Shallow Tubew ell","Ground Water","SRI VAKIL YADAV","HandPump","SINKKING OF T/W WITH I R P(0006490276)"
50,"Khagaria","Alauli","Hathloan",15,"HATHWAN","HATHWAN","Shallow Tubew ell","Ground Water","Ramdular Yadav","HandPump","SINKKING OF T/W WITH I R P(0006490276)"
51,"Khagaria","Alauli","Hathloan",16,"HATHWAN","HATHWAN","Shallow Tubew ell","Ground Water","Mukesh Sharma","HandPump","SINKKING OF T/W WITH I R P(0006490276)"
52,"Khagaria","Alauli","Hathloan",17,"HATHWAN","HATHWAN","Shallow Tubew ell","Ground Water","Mahendra Sharma","HandPump","SINKKING OF T/W WITH I R P(0006490276)"
53,"Khagaria","Alauli","Hathloan",18,"HATHWAN","HATHWAN","Shallow Tubew ell","Ground Water","Md. Zabbar","HandPump","SINKKING OF T/W WITH I R P(0006490276)"
54,"Khagaria","Alauli","Hathloan",19,"HATHWAN","HATHWAN","Shallow Tubew ell","Ground Water","Sri Sonelal Sada","HandPump","Sinkking Of T/W With I R P(Anil Kr F2/11/09- 10)(0006493525)"
55,"Khagaria","Alauli","Hathloan",20,"HATHWAN","MORKAHI","Shallow Tubew ell","Ground Water",,"HandPump","ALAULI H.T. Water Supply Scheme(0001986156)"
56,"Khagaria","Alauli","Hathloan",21,"HATHWAN","MORKAHI","Shallow Tubew ell","Ground Water",,"HandPump","INSTALLATION OF HAND PUMPS(0001960220)"
57,"Khagaria","Alauli","Hathloan",22,"HATHWAN","MORKAHI","Shallow Tubew ell","Ground Water","Ramchandra Sharma","HandPump","SINKKING OF T/W WITH I R P(0006490276)"
58,"Khagaria","Alauli","Hathloan",23,"HATHWAN","MORKAHI","Shallow Tubew ell","Ground Water","Sri Laloo Mukhiya","HandPump","Sinkking Of T/W With I R P(Anil Kr F2/11/09- 10)(0006493525)"
59,"Khagaria","Alauli","Hathloan",24,"HATHWAN","SATGHTTA","Shallow Tubew ell","Ground Water",,"HandPump","ALAULI H.T. Water Supply Scheme(0001986156)"
60,"Khagaria","Alauli","Hathloan",25,"HATHWAN","SATGHTTA","Shallow Tubew ell","Ground Water",,"HandPump","INSTALLATION OF HAND PUMPS(0001960223)"
61,"Khagaria","Alauli","Hathloan",26,"HATHWAN","SATGHTTA","Deep Tubew ell","Ground Water","Ramsunder Yadav Sarak Kinare","HandPump","NRDWP(0007074667)"
62,"Khagaria","Alauli","Hathloan",27,"HATHWAN","SATGHTTA","Shallow Tubew ell","Ground Water","Sacchidanand Yadav","HandPump","Sustainable T/W(0006952680)"
63,"Khagaria","Alauli","Gourachak",1,"Amba","AMBA","Shallow Tubew ell","Ground Water","NEAR SAMUDAIK BHAWAN","HandPump","Sustainable T/W(0006952680)"
64,"Khagaria","Alauli","Gourachak",2,"BUDHAURA","BUDHOURA","Shallow Tubew ell","Ground Water",,"HandPump","ALAULI H.T. Water Supply Scheme(0001986156)"
65,"Khagaria","Alauli","Gourachak",3,"BUDHAURA","BUDHOURA","Deep Tubew ell","Ground Water","Bhola Singh","HandPump","IM II T/W NRDWP SUSTAINABLE(Sri Abhishek Kumar, F- 2/3/2013-14) (0006492566)"
66,"Khagaria","Alauli","Gourachak",4,"BUDHAURA","BUDHOURA","Shallow Tubew ell","Ground Water","Sri Banarsi Yadav","HandPump","Sinkking Of T/W With I R P(Anil Kr F2/11/09- 10)(0006493525)"
67,"Khagaria","Alauli","Gourachak",5,"BUDHAURA","BUDHOURA","Shallow Tubew ell","Ground Water","Rambalak Yadav","HandPump","Sustainable T/W(0006952680)"
68,"Khagaria","Alauli","Gourachak",6,"BUDHAURA","HARIJAN TOLA","Shallow Tubew ell","Ground Water",,"HandPump","ALAULI H.T. Water Supply Scheme(0001986156)"
69,"Khagaria","Alauli","Gourachak",7,"BUDHAURA","HARIJAN TOLA","Shallow Tubew ell","Ground Water","Raja Tanti","HandPump","Sustainable T/W(0006952680)"
70,"Khagaria","Alauli","Gourachak",8,"BUDHAURA","UKAROURA","Deep Tubew ell","Ground Water",,"HandPump","Alauli Hand Pump(0002677209)"
71,"Khagaria","Alauli","Gourachak",9,"BUDHAURA","UKAROURA","Shallow Tubew ell","Ground Water",,"HandPump","Alauli New  Sinking H.T. Water Supply(0001988594)"
72,"Khagaria","Alauli","Gourachak",10,"BUDHAURA","UKAROURA","Deep Tubew ell","Ground Water","Dukhi Yadav","HandPump","IM II T/W NRDWP SUSTAINABLE(Sri Abhishek Kumar, F- 2/3/2013-14) (0006492566)"
73,"Khagaria","Alauli","Gourachak",11,"BUDHAURA","UKAROURA","Shallow Tubew ell","Ground Water","Sri Bnarsi Sada","HandPump","Sinkking Of T/W With I R P(Anil Kr F2/11/09- 10)(0006493525)"
74,"Khagaria","Alauli","Goriyami",1,"GORIAMI","BAGULIYA","Shallow Tubew ell","Ground Water",,"HandPump","Alauli New  Sinking H.T. Water Supply(0001988594)"
75,"Khagaria","Alauli","Goriyami",2,"GORIAMI","BAGULIYA","Shallow Tubew ell","Ground Water","Sri Vindeshari Sada","HandPump","Sinkking Of T/W With I R P(Anil Kr F2/11/09- 10)(0006493525)"
76,"Khagaria","Alauli","Goriyami",3,"GORIAMI","GORIYAMI","Shallow Tubew ell","Ground Water",,"HandPump","ALAULI H.T. Water Supply Scheme(0001986156)"
77,"Khagaria","Alauli","Goriyami",4,"GORIAMI","GORIYAMI","Shallow Tubew ell","Ground Water",,"HandPump","INSTALLATION OF HAND PUMPS(0001960216)"
78,"Khagaria","Alauli","Goriyami",5,"GORIAMI","GORIYAMI","Shallow Tubew ell","Ground Water","Sri Lalit Navtolia","HandPump","Sinkking Of T/W With I R P(Anil Kr F2/11/09- 10)(0006493525)"
79,"Khagaria","Alauli","Goriyami",6,"GORIAMI","INDIRA TOLA","Shallow Tubew ell","Ground Water",,"HandPump","ALAULI H.T. Water Supply Scheme(0001986156)"
80,"Khagaria","Alauli","Goriyami",7,"GORIAMI","JAYANTI NAGAR","Shallow Tubew ell","Ground Water",,"HandPump","ALAULI H.T. Water Supply Scheme(0001986156)"
81,"Khagaria","Alauli","Goriyami",8,"GORIAMI","JAYANTI NAGAR","Shallow Tubew ell","Ground Water","Prakash Sada","HandPump","Sustainable T/W(0006952680)"
82,"Khagaria","Alauli","Goriyami",9,"GORIAMI","LAL POKHAR","Shallow Tubew ell","Ground Water",,"HandPump","Alauli New  Sinking H.T. Water Supply(0001988594)"
83,"Khagaria","Alauli","Goriyami",10,"GORIAMI","LARHI","Shallow Tubew ell","Ground Water",,"HandPump","ALAULI H.T. Water Supply Scheme(0001986156)"
84,"Khagaria","Alauli","Goriyami",11,"GORIAMI","LARHI","Deep Tubew ell","Ground Water","Bhola Baba Asthan","HandPump","IM II T/W NRDWP SUSTAINABLE(Sri Abhishek Kumar, F- 2/3/2013-14) (0006492566)"
85,"Khagaria","Alauli","Goriyami",12,"GORIAMI","LARHI","Shallow Tubew ell","Ground Water","Giro Rajak","HandPump","Sustainable T/W(0006952680)"
86,"Khagaria","Alauli","Goriyami",13,"GORIAMI","LARHI","Shallow Tubew ell","Ground Water","Giro","HandPump","Sustainable T/W(0006952680)"
87,"Khagaria","Alauli","Goriyami",14,"GORIAMI","SONDABHAR","Shallow Tubew ell","Ground Water",,"HandPump","Alauli New  Sinking H.T. Water Supply(0001988594)"
88,"Khagaria","Alauli","Goriyami",15,"SANJHAUTI","BALUAHA MUSAHARI","Deep Tubew ell","Ground Water",,"HandPump","Aluli Hand Pump(0002677209)"
89,"Khagaria","Alauli","Goriyami",16,"SANJHAUTI","SANJHOUTI","Shallow Tubew ell","Ground Water",,"HandPump","ALAULI H.T. Water Supply Scheme(0001986156)"
90,"Khagaria","Alauli","Goriyami",17,"SANJHAUTI","SANJHOUTI","Shallow Tubew ell","Ground Water",,"HandPump","ALAULI H.T. Water Supply Scheme(0001986156)"
91,"Khagaria","Alauli","Goriyami",18,"SANJHAUTI","SANJHOUTI","Deep Tubew ell","Ground Water","Dinesh Yadav","HandPump","IM II T/W NRDWP SUSTAINABLE(Sri Abhishek Kumar, F- 2/3/2013-14) (0006492566)"
92,"Khagaria","Alauli","Goriyami",19,"SANJHAUTI","SANJHOUTI","Shallow Tubew ell","Ground Water","Sri Strughan Yadav","HandPump","Sinkking Of T/W With I R P(Anil Kr F2/11/09- 10)(0006493525)"
93,"Khagaria","Alauli","Goriyami",20,"SANJHAUTI","SANJHOUTI","Shallow Tubew ell","Ground Water","Sri Pramod Yadav","HandPump","Sinkking Of T/W With I R P(Anil Kr F2/11/09- 10)(0006493525)"
94,"Khagaria","Alauli","Goriyami",21,"SANJHAUTI","SANJHOUTI","Shallow Tubew ell","Ground Water","Sri Paw an Desai","HandPump","Sinkking Of T/W With I R P(Anil Kr F2/11/09- 10)(0006493525)"
95,"Khagaria","Alauli","Goriyami",22,"SANJHAUTI","SANJHOUTI DIH","Shallow Tubew ell","Ground Water",,"HandPump","ALAULI H.T. Water Supply Scheme(0001986156)"
96,"Khagaria","Alauli","Chandpura Khurd",1,"AHUNA","AHUNA","Shallow Tubew ell","Ground Water",,"HandPump","ALAULI H.T. Water Supply Scheme(0001986156)"
97,"Khagaria","Alauli","Chandpura Khurd",2,"AHUNA","AHUNA","Deep Tubew ell","Ground Water","Musahahri Tola","HandPump","NRDWP(0007074667)"
98,"Khagaria","Alauli","Chandpura Khurd",3,"AHUNA","AHUNA","Shallow Tubew ell","Ground Water","Sri Vinod Sharma","HandPump","Sinkking Of T/W With I R P(Anil Kr F2/11/09- 10)(0006493525)"
99,"Khagaria","Alauli","Chandpura Khurd",4,"AHUNA","AHUNA","Shallow Tubew ell","Ground Water","Sri Charitradeo Rajak","HandPump","Sinkking Of T/W With I R P(Anil Kr F2/11/09- 10)(0006493525)"
100,"Khagaria","Alauli","Chandpura Khurd",5,"AHUNA","AHUNA","Shallow Tubew ell","Ground Water","Naresh Sharma","HandPump","Sustainable T/W(0006952680)"
101,"Khagaria","Alauli","Chandpura Khurd",6,"AHUNASISWA","AHUNA SISWA","Shallow Tubew ell","Ground Water",,"HandPump","ALAULI H.T. Water Supply Scheme(0001986156)"
102,"Khagaria","Alauli","Chandpura Khurd",7,"AHUNASISWA","AHUNA SISWA","Deep Tubew ell","Ground Water","Dinesh Sharma","HandPump","NRDWP(0007074667)"
103,"Khagaria","Alauli","Chandpura Khurd",8,"AHUNASISWA","AHUNA SISWA","Shallow Tubew ell","Ground Water","Sri Ranjeet Kumar","HandPump","Sinkking Of T/W With I R P(Anil Kr F2/11/09- 10)(0006493525)"
104,"Khagaria","Alauli","Chandpura Khurd",9,"AHUNASISWA","AHUNA SISWA","Shallow Tubew ell","Ground Water","Arun Sharma","HandPump","Sustainable T/W(0006952680)"
105,"Khagaria","Alauli","Chandpura Khurd",10,"CHAINPUR KHURD","CHANDPURA KHURD","Shallow Tubew ell","Ground Water",,"HandPump","ALAULI H.T. Water Supply Scheme(0001986156)"
106,"Khagaria","Alauli","Chandpura Khurd",11,"CHAINPUR KHURD","MANDEPA","Shallow Tubew ell","Ground Water",,"HandPump","Alauli New  Sinking H.T. Water Supply(0001988594)"
107,"Khagaria","Alauli","Chandpura Khurd",12,"MURLI","BALUAHI","Shallow Tubew ell","Ground Water",,"HandPump","ALAULI H.T. Water Supply Scheme(0001986156)"
108,"Khagaria","Alauli","Chandpura Khurd",13,"MURLI","KANTHARI","Shallow Tubew ell","Ground Water",,"HandPump","ALAULI H.T. Water Supply Scheme(0001986156)"
109,"Khagaria","Alauli","Chandpura Khurd",14,"MURLI","MURLI","Shallow Tubew ell","Ground Water",,"HandPump","ALAULI H.T. Water Supply Scheme(0001986156)"
110,"Khagaria","Alauli","Chandpura Khurd",15,"MURLI","MURLI","Deep Tubew ell","Ground Water","Lalan Singh","HandPump","IM II T/W NRDWP SUSTAINABLE(Sri Abhishek Kumar, F- 2/3/2013-14) (0006492566)"
111,"Khagaria","Alauli","Chandpura Khurd",16,"MURLI","MURLI","Deep Tubew ell","Ground Water","Bhola Sada","HandPump","IM II T/W NRDWP SUSTAINABLE(Sri Abhishek Kumar, F- 2/3/2013-14) (0006492566)"
112,"Khagaria","Alauli","Anandpur Maran",1,"AMAUSI","AMOUSI","Deep Tubew ell","Ground Water",,"HandPump","Alauli Block Ht Scheme(0004009077)"
113,"Khagaria","Alauli","Anandpur Maran",2,"AMAUSI","AMOUSI","Shallow Tubew ell","Ground Water",,"HandPump","ALAULI H.T. Water Supply Scheme(0001986156)"
114,"Khagaria","Alauli","Anandpur Maran",3,"AMAUSI","AMOUSI","Deep Tubew ell","Ground Water","Domram","HandPump","IM II T/W NRDWP SUSTAINABLE(Sri Abhishek Kumar, F- 2/3/2013-14) (0006492566)"
115,"Khagaria","Alauli","Anandpur Maran",4,"AMAUSI","AMOUSI","Shallow Tubew ell","Ground Water",,"HandPump","INSTALLATION OF HAND PUMPS(0001960211)"
116,"Khagaria","Alauli","Anandpur Maran",5,"AMAUSI","BARKITA","Deep Tubew ell","Ground Water",,"HandPump","Alauli Block Ht Scheme(0004009077)"
117,"Khagaria","Alauli","Anandpur Maran",6,"AMAUSI","BARYAHI","Deep Tubew ell","Ground Water",,"HandPump","Alauli Block Ht Scheme(0004009077)"
118,"Khagaria","Alauli","Anandpur Maran",7,"AMAUSI","BARYAHI","Shallow Tubew ell","Ground Water",,"HandPump","ALAULI H.T. Water Supply Scheme(0001986156)"
119,"Khagaria","Alauli","Anandpur Maran",8,"AMAUSI","BARYAHI","Shallow Tubew ell","Ground Water","Sri Bashish Singh","HandPump","Sinkking Of T/W With I R P(Anil Kr F2/11/09- 10)(0006493525)"
120,"Khagaria","Alauli","Anandpur Maran",9,"AMAUSI","BHARATH","Deep Tubew ell","Ground Water",,"HandPump","Alauli Block Ht Scheme(0004009077)"
121,"Khagaria","Alauli","Anandpur Maran",10,"AMAUSI","BHARATH","Shallow Tubew ell","Ground Water",,"HandPump","ALAULI H.T. Water Supply Scheme(0001986156)"
122,"Khagaria","Alauli","Anandpur Maran",11,"AMAUSI","JHIMA","Deep Tubew ell","Ground Water",,"HandPump","Alauli Block Ht Scheme(0004009077)"
123,"Khagaria","Alauli","Anandpur Maran",12,"AMAUSI","JHIMA","Shallow Tubew ell","Ground Water",,"HandPump","ALAULI H.T. Water Supply Scheme(0001986156)"
124,"Khagaria","Alauli","Anandpur Maran",13,"AMAUSI","JHIMA","Shallow Tubew ell","Ground Water","Choubatia Sthan","HandPump","Sinkking Of T/W With I R P(Anil Kr F2/11/09- 10)(0006493525)"
125,"Khagaria","Alauli","Anandpur Maran",14,"AMAUSI","LAXMINIYA","Deep Tubew ell","Ground Water",,"HandPump","Alauli Block Ht Scheme(0004009077)"
126,"Khagaria","Alauli","Anandpur Maran",15,"AMAUSI","LAXMINIYA","Shallow Tubew ell","Ground Water",,"HandPump","ALAULI H.T. Water Supply Scheme(0001986156)"
127,"Khagaria","Alauli","Anandpur Maran",16,"AMAUSI","SAHORWA","Shallow Tubew ell","Ground Water",,"HandPump","Alauli Block Ht Scheme(0004009077)"
128,"Khagaria","Alauli","Anandpur Maran",17,"AMAUSI","SAHORWA","Shallow Tubew ell","Ground Water",,"HandPump","ALAULI H.T. Water Supply Scheme(0001986156)"
129,"Khagaria","Alauli","Anandpur Maran",18,"AMAUSI","SAHORWA","Deep Tubew ell","Ground Water","Balkeshw ar Kevat","HandPump","NRDWP(0007074667)"
130,"Khagaria","Alauli","Anandpur Maran",19,"AMAUSI","SAHORWA","Shallow Tubew ell","Ground Water","Nandlal","HandPump","Sustainable T/W(0006952680)"
131,"Khagaria","Alauli","Anandpur Maran",20,"AMAUSI","SAHORWA","Shallow Tubew ell","Ground Water","Vanarshi Kew at","HandPump","Sustainable T/W(0006952680)"
132,"Khagaria","Alauli","Anandpur Maran",21,"AMAUSI","SARBJITA","Deep Tubew ell","Ground Water",,"HandPump","Alauli Block Ht Scheme(0004009077)"
133,"Khagaria","Alauli","Anandpur Maran",22,"AMAUSI","SARBJITA","Shallow Tubew ell","Ground Water",,"HandPump","ALAULI H.T. Water Supply Scheme(0001986156)"
134,"Khagaria","Alauli","Anandpur Maran",23,"AMAUSI","SISBANI","Deep Tubew ell","Ground Water",,"HandPump","Alauli Block Ht Scheme(0004009077)"
135,"Khagaria","Alauli","Anandpur Maran",24,"AMAUSI","SISBANI","Shallow Tubew ell","Ground Water",,"HandPump","ALAULI H.T. Water Supply Scheme(0001986156)"
136,"Khagaria","Alauli","Anandpur Maran",25,"AMAUSI","SRJPUR","Deep Tubew ell","Ground Water",,"HandPump","Alauli Block Ht Scheme(0004009077)"
137,"Khagaria","Alauli","Anandpur Maran",26,"AMAUSI","SRJPUR","Shallow Tubew ell","Ground Water",,"HandPump","Alauli New  Sinking H.T. Water Supply(0001988594)"
138,"Khagaria","Alauli","Anandpur Maran",27,"ANANPUR MARAN","ANANDPUR MARAN (EAST)","Shallow Tubew ell","Ground Water",,"HandPump","ALAULI H.T. Water Supply Scheme(0001986156)"
139,"Khagaria","Alauli","Anandpur Maran",28,"ANANPUR MARAN","ANANDPUR MARAN (EAST)","Shallow Tubew ell","Ground Water",,"HandPump","INSTALLATION OF HAND PUMPS(0001960206)"
140,"Khagaria","Alauli","Anandpur Maran",29,"ANANPUR MARAN","ANANDPUR MARAN (EAST)","Deep Tubew ell","Ground Water","PRIMARY SCHOOL SUKHASAN","HandPump","NRDWP(0007074667)"
141,"Khagaria","Alauli","Anandpur Maran",30,"ANANPUR MARAN","GURDI KOTHI","Shallow Tubew ell","Ground Water",,"HandPump","ALAULI H.T. Water Supply Scheme(0001986156)"
142,"Khagaria","Alauli","Anandpur Maran",31,"ANANPUR MARAN","KALWARI","Shallow Tubew ell","Ground Water",,"HandPump","ALAULI H.T. Water Supply Scheme(0001986156)"
143,"Khagaria","Alauli","Anandpur Maran",32,"ANANPUR MARAN","KALWARI","Deep Tubew ell","Ground Water","Sarvjanik Sthan","HandPump","NRDWP(0007074667)"
144,"Khagaria","Alauli","Anandpur Maran",33,"ANANPUR MARAN","KALWARI","Shallow Tubew ell","Ground Water","GOUR LAL SADA","HandPump","SINKKING OF T/W WITH I R P(0006490276)"
145,"Khagaria","Alauli","Anandpur Maran",34,"ANANPUR MARAN","MARAN DIH","Shallow Tubew ell","Ground Water",,"HandPump","Alauli New  Sinking H.T. Water Supply(0001988594)"
146,"Khagaria","Alauli","Anandpur Maran",35,"ANANPUR MARAN","MARAN DIH","Shallow Tubew ell","Ground Water",,"HandPump","INSTALLATION OF HAND PUMPS(0001960209)"
147,"Khagaria","Alauli","Anandpur Maran",36,"ANANPUR MARAN","MUSHAHARI","Shallow Tubew ell","Ground Water",,"HandPump","ALAULI H.T. Water Supply Scheme(0001986156)"
148,"Khagaria","Alauli","Anandpur Maran",37,"ANANPUR MARAN","SHYAM GHARARI","Shallow Tubew ell","Ground Water",,"HandPump","ALAULI H.T. Water Supply Scheme(0001986156)"
149,"Khagaria","Alauli","Anandpur Maran",38,"ANANPUR MARAN","SUKHASAN","Shallow Tubew ell","Ground Water",,"HandPump","ALAULI H.T. Water Supply Scheme(0001986156)"
150,"Khagaria","Alauli","Anandpur Maran",39,"ANANPUR MARAN","TIRASI","Shallow Tubew ell","Ground Water",,"HandPump","ALAULI H.T. Water Supply Scheme(0001986156)"
151,"Khagaria","Alauli","Anandpur Maran",40,"AURAHIDIH","AOURAHI DIH","Deep Tubew ell","Ground Water","Rohit Sada","HandPump","IM II T/W NRDWP SUSTAINABLE(Sri Abhishek Kumar, F- 2/3/2013-14) (0006492566)"
152,"Khagaria","Alauli","Anandpur Maran",41,"AURAHIDIH","AOURAHI DIH","Deep Tubew ell","Ground Water","T/W 3","HandPump","Khagaria Iron Aff. Habitation Scheme(0005579048)"
153,"Khagaria","Alauli","Anandpur Maran",42,"AURAHIDIH","AOURAHI DIH","Deep Tubew ell","Ground Water","T/W 4","HandPump","Khagaria Iron Aff. Habitation Scheme(0005579048)"
154,"Khagaria","Alauli","Anandpur Maran",43,"AURAHIDIH","AOURAHI DIH","Deep Tubew ell","Ground Water","T/W 5","HandPump","Khagaria Iron Aff. Habitation Scheme(0005579048)"
155,"Khagaria","Alauli","Anandpur Maran",44,"AURAHIDIH","AOURAHI DIH","Deep Tubew ell","Ground Water","T/W 2","HandPump","Khagaria Iron Aff. Habitation Scheme(0005579048)"
156,"Khagaria","Alauli","Anandpur Maran",45,"AURAHIDIH","AOURAHI DIH","Deep Tubew ell","Ground Water","T/W 1","HandPump","Nc/Pc Hand Pump Scheme(0004568388)"
157,"Khagaria","Alauli","Anandpur Maran",46,"AURAHIDIH","HARIJAN TOLA","Shallow Tubew ell","Ground Water",,"HandPump","Alauli New  Sinking H.T. Water Supply(0001988594)"
158,"Khagaria","Alauli","Anandpur Maran",47,"AURAHIDIH","LARHI","Shallow Tubew ell","Ground Water",,"HandPump","ALAULI H.T. Water Supply Scheme(0001986156)"
159,"Khagaria","Alauli","Anandpur Maran",48,"AURAHIDIH","MAKHNAHI","Shallow Tubew ell","Ground Water",,"HandPump","Alauli New  Sinking H.T. Water Supply(0001988594)"
160,"Khagaria","Alauli","Anandpur Maran",49,"AURAHIDIH","PIPAR PATTI","Shallow Tubew ell","Ground Water",,"HandPump","Alauli New  Sinking H.T. Water Supply(0001988594)"
161,"Khagaria","Alauli","Anandpur Maran",50,"AURAHIDIH","SORIYAM","Shallow Tubew ell","Ground Water",,"HandPump","Alauli New  Sinking H.T. Water Supply(0001988594)"
162,"Khagaria","Alauli","Meghauna",1,"MEGHAUNA","AURA","Shallow Tubew ell","Ground Water","T/W 1","HandPump","ALAULI H.T. Water Supply Scheme(0001986156)"
163,"Khagaria","Alauli","Meghauna",2,"MEGHAUNA","AURA","Shallow Tubew ell","Ground Water","T/W 2","HandPump","ALAULI H.T. Water Supply Scheme(0001986156)"
164,"Khagaria","Alauli","Meghauna",3,"MEGHAUNA","AURA","Deep Tubew ell","Ground Water","T/W 3","HandPump","Ht Scheme(0004708055)"
165,"Khagaria","Alauli","Meghauna",4,"MEGHAUNA","AURA","Deep Tubew ell","Ground Water","T/W 4","HandPump","Ht Scheme(0004708055)"
166,"Khagaria","Alauli","Meghauna",5,"MEGHAUNA","AURA","Deep Tubew ell","Ground Water","T/W 5","HandPump","Khagaria Iron Aff. Habitation Scheme(0005579048)"
167,"Khagaria","Alauli","Meghauna",6,"MEGHAUNA","AURA","Shallow Tubew ell","Ground Water","Sri Ramjee Yadav","HandPump","Sinkking Of T/W With I R P(Anil Kr F2/11/09-10) (0006493525)"
168,"Khagaria","Alauli","Meghauna",7,"MEGHAUNA","AURA","Shallow Tubew ell","Ground Water","Sri Sagar Yadav","HandPump","Sinkking Of T/W With I R P(Anil Kr F2/11/09-10) (0006493525)"
169,"Khagaria","Alauli","Meghauna",8,"MEGHAUNA","AURA","Shallow Tubew ell","Ground Water","Sri Kari Yadav","HandPump","Sinkking Of T/W With I R P(Anil Kr F2/11/09-10) (0006493525)"
170,"Khagaria","Alauli","Meghauna",9,"MEGHAUNA","AURA","Shallow Tubew ell","Ground Water","Krishi Godam","HandPump","Sustainable T/W(0006952680)"
171,"Khagaria","Alauli","Meghauna",10,"MEGHAUNA","JOLAHANIA","Shallow Tubew ell","Ground Water",,"HandPump","ALAULI H.T. Water Supply Scheme(0001986156)"
172,"Khagaria","Alauli","Meghauna",11,"MEGHAUNA","JWALAPUR","Shallow Tubew ell","Ground Water",,"HandPump","ALAULI H.T. Water Supply Scheme(0001986156)"
173,"Khagaria","Alauli","Meghauna",12,"MEGHAUNA","KHAN MUSHAHRI","Shallow Tubew ell","Ground Water",,"HandPump","ALAULI H.T. Water Supply Scheme(0001986156)"
174,"Khagaria","Alauli","Meghauna",13,"MEGHAUNA","LAXMI POKHAR","Shallow Tubew ell","Ground Water",,"HandPump","ALAULI H.T. Water Supply Scheme(0001986156)"
175,"Khagaria","Alauli","Meghauna",14,"MEGHAUNA","LAXMI POKHAR","Shallow Tubew ell","Ground Water","TILO SADA","HandPump","SINKKING OF T/W WITH I R P(0006490276)"
176,"Khagaria","Alauli","Meghauna",15,"MEGHAUNA","LAXMI POKHAR","Shallow Tubew ell","Ground Water","Gajendra Pasw an","HandPump","Sustainable T/W(0006952680)"
177,"Khagaria","Alauli","Meghauna",16,"MEGHAUNA","MEGHAUNA","Shallow Tubew ell","Ground Water",,"HandPump","ALAULI H.T. Water Supply Scheme(0001986156)"
178,"Khagaria","Alauli","Meghauna",17,"MEGHAUNA","MEGHAUNA","Shallow Tubew ell","Ground Water",,"HandPump","ALAULI H.T. Water Supply Scheme(0001986156)"
179,"Khagaria","Alauli","Meghauna",18,"MEGHAUNA","MEGHAUNA","Shallow Tubew ell","Ground Water",,"HandPump","ALAULI H.T. Water Supply Scheme(0001986156)"
180,"Khagaria","Alauli","Meghauna",19,"MEGHAUNA","MEGHAUNA","Deep Tubew ell","Ground Water","Mashjid","HandPump","IM II T/W NRDWP SUSTAINABLE(Sri Abhishek Kumar, F- 2/3/2013-14) (0006492566)"
181,"Khagaria","Alauli","Meghauna",20,"MEGHAUNA","MEGHAUNA","Deep Tubew ell","Ground Water","Middle School Meghauna","PWS","Mpw ss Near Middle School Meghauna(0006491272)"
182,"Khagaria","Alauli","Meghauna",21,"MEGHAUNA","MURLI POKHAR","Shallow Tubew ell","Ground Water",,"HandPump","ALAULI H.T. Water Supply Scheme(0001986156)"
183,"Khagaria","Alauli","Meghauna",22,"SANO KHAR","DUBIYAHI","Shallow Tubew ell","Ground Water",,"HandPump","ALAULI H.T. Water Supply Scheme(0001986156)"
184,"Khagaria","Alauli","Meghauna",23,"SANO KHAR","DUBIYAHI","Deep Tubew ell","Ground Water","Jagdish Sada","HandPump","IM II T/W NRDWP SUSTAINABLE(Sri Abhishek Kumar, F- 2/3/2013-14) (0006492566)"
185,"Khagaria","Alauli","Meghauna",24,"SANO KHAR","KOKRAHA","Shallow Tubew ell","Ground Water",,"HandPump","Alauli New  Sinking H.T. Water Supply(0001988594)"
186,"Khagaria","Alauli","Meghauna",25,"SANO KHAR","PIPRAHI","Shallow Tubew ell","Ground Water",,"HandPump","ALAULI H.T. Water Supply Scheme(0001986156)"
187,"Khagaria","Alauli","Meghauna",26,"SANO KHAR","SANOKHAR","Shallow Tubew ell","Ground Water",,"HandPump","ALAULI H.T. Water Supply Scheme(0001986156)"
188,"Khagaria","Alauli","Meghauna",27,"SANO KHAR","SANOKHAR","Shallow Tubew ell","Ground Water",,"HandPump","ALAULI H.T. Water Supply Scheme(0001986156)"
189,"Khagaria","Alauli","Meghauna",28,"SANO KHAR","SANOKHAR","Deep Tubew ell","Ground Water","Masomat Budhni Devi Late Mahabal Pd. Singh","HandPump","NRDWP(0007074667)"
190,"Khagaria","Alauli","Meghauna",29,"SANO KHAR","SARDAHI","Shallow Tubew ell","Ground Water",,"HandPump","Alauli New  Sinking H.T. Water Supply(0001988594)"
191,"Khagaria","Alauli","Gobindpur",1,"GOBINDPUR","GOBINDPUR","Deep Tubew ell","Ground Water","Shree Shambhusaran Mishr","HandPump","IM II T/W NRDWP SUSTAINABLE(Sri Abhishek Kumar, F- 2/3/2013-14) (0006492566)"
192,"Khagaria","Alauli","Gobindpur",2,"GOBINDPUR","GOBINDPUR","Deep Tubew ell","Ground Water","Sri Dhanni Das","HandPump","IM II T/W NRDWP SUSTAINABLE(Sri Abhishek Kumar, F- 2/3/2013-14) (0006492566)"
193,"Khagaria","Alauli","Gobindpur",3,"GOBINDPUR","GOBINDPUR","Deep Tubew ell","Ground Water","IN SIDE HABITATION","PWS","MPWSS WITH IRP SOLAR ENERGY(0006549074)"
194,"Khagaria","Alauli","Gobindpur",4,"GOBINDPUR","GOBINDPUR","Shallow Tubew ell","Ground Water","T/W 1","HandPump","PARBATTA New  Sinking H.T. Water Supply Scheme(0001989555)"
195,"Khagaria","Alauli","Gobindpur",5,"GOBINDPUR","GOBINDPUR","Shallow Tubew ell","Ground Water","PRIMARY SCHOOL GOVINDPUR","HandPump","SCHOOL DWS PARBATTA(0002717508)"
196,"Khagaria","Alauli","Gobindpur",6,"GOBINDPUR","GOBINDPUR","Deep Tubew ell","Ground Water","PRIMARY SCHOOL GOVINDPUR","HandPump","School Scheme Of Khagaria(0006243088)"
197,"Khagaria","Alauli","Gobindpur",7,"GOBINDPUR","KANHAIYA CHAK","Shallow Tubew ell","Ground Water",,"HandPump","PARBATTA New  Sinking H.T. Water Supply Scheme(0001989555)"
198,"Khagaria","Alauli","Gobindpur",8,"GOBINDPUR","KANHAIYA CHAK","Shallow Tubew ell","Ground Water","MIDDLE SCHOOL KANHAIYA CHAK SOUTH","HandPump","SCHOOL DWS PARBATTA(0002717378)"
199,"Khagaria","Alauli","Gobindpur",9,"GOBINDPUR","KANHAIYA CHAK","Shallow Tubew ell","Ground Water","MIDDLE SCHOOL KANHAIYA CHAK SOUTH","HandPump","SCHOOL DWS PARBATTA(0002717514)"
200,"Khagaria","Alauli","Gobindpur",10,"GOBINDPUR","KANHAIYA CHAK","Deep Tubew ell","Ground Water","NEW SCHOOL JULAHA TOLA KANHAIYA CHAK","HandPump","School Scheme Of Khagaria(0006243088)"
201,"Khagaria","Alauli","Gobindpur",11,"GOBINDPUR","KANHAIYA CHAK","Deep Tubew ell","Ground Water","NEW SCHOOL KANHAIYACHAK","HandPump","School Scheme Of Khagaria(0006243088)"
202,"Khagaria","Alauli","Gobindpur",12,"GOBINDPUR","KANHAIYA CHAK","Deep Tubew ell","Ground Water","MIDDLE SCHOOL KANHAIYA CHAK SOUTH","HandPump","School Scheme Of Khagaria(0006243088)"
203,"Khagaria","Alauli","Gobindpur",13,"GOBINDPUR","KANHAIYA CHAK","Shallow Tubew ell","Ground Water","Mandir","HandPump","Sustainable T/W(0006952680)"
204,"Khagaria","Alauli","Gobindpur",14,"GOBINDPUR","KANHAIYA CHAK","Shallow Tubew ell","Ground Water",,"HandPump","Sustainable T/W(0006952680)"
205,"Khagaria","Alauli","Gobindpur",15,"GOBINDPUR","PACHHIM TOLA","Deep Tubew ell","Ground Water","Inside Habitation","HandPump","Mini Pipe Water Supply Scheme With Irp Driven By Solarenergy(0006539440)"
206,"Khagaria","Alauli","Gobindpur",16,"GOBINDPUR","PACHHIM TOLA","Deep Tubew ell","Ground Water","IN SIDE HABITATION","PWS","MPWSS SOLAR ENERGY (PACHIM TOLA) (0006546104)"
207,"Khagaria","Alauli","Gobindpur",17,"GOBINDPUR","PACHHIM TOLA","Shallow Tubew ell","Ground Water",,"HandPump","PARBATTA New  Sinking H.T. Water Supply Scheme(0001989555)"
208,"Khagaria","Alauli","Gobindpur",18,"GOBINDPUR","PURAB TOLA","Deep Tubew ell","Ground Water","In Side Of Habitation","PWS","Mpw ss Q A Govindpur Purab Tola(0006544789)"
209,"Khagaria","Alauli","Gobindpur",19,"GOBINDPUR","PURAB TOLA","Shallow Tubew ell","Ground Water",,"HandPump","PARBATTA New  Sinking H.T. Water Supply Scheme(0001989555)"
210,"Khagaria","Alauli","Gobindpur",20,"GOBINDPUR","UTTAR TOLA","Shallow Tubew ell","Ground Water",,"HandPump","PARBATTA New  Sinking H.T. Water Supply Scheme(0001989555)"
211,"Khagaria","Alauli","Gobindpur",21,"RUPAULI INGLISH","RUPAULI GUGLISH","Shallow Tubew ell","Ground Water",,"HandPump","PARBATTA New  Sinking H.T. Water Supply Scheme(0001989555)"
212,"Khagaria","Alauli","Roun",1,"LADAURA","LADOURA","Shallow Tubew ell","Ground Water",,"HandPump","ALAULI H.T. Water Supply Scheme(0001986156)"
213,"Khagaria","Alauli","Roun",2,"LADAURA","LADOURA","Shallow Tubew ell","Ground Water",,"HandPump","ALAULI H.T. Water Supply Scheme(0001986156)"
214,"Khagaria","Alauli","Roun",3,"LADAURA","LADOURA","Deep Tubew ell","Ground Water","Kumhar Tola Samudaik Bhaw an","HandPump","IM II T/W NRDWP SUSTAINABLE(Sri Abhishek Kumar, F- 2/3/2013-14) (0006492566)"
215,"Khagaria","Alauli","Roun",4,"LADAURA","LADOURA","Shallow Tubew ell","Ground Water","Sri Krishan Deo Yadav","HandPump","Sinkking Of T/W With I R P(Anil Kr F2/11/09- 10)(0006493525)"
216,"Khagaria","Alauli","Roun",5,"LADAURA","LADOURA","Shallow Tubew ell","Ground Water","Sri Gopal Yadav","HandPump","Sinkking Of T/W With I R P(Anil Kr F2/11/09- 10)(0006493525)"
217,"Khagaria","Alauli","Roun",6,"LADAURA","LADOURA","Shallow Tubew ell","Ground Water","Tej Narayan Ram","HandPump","Sustainable T/W(0006952680)"
218,"Khagaria","Alauli","Roun",7,"LADAURA","LADOURADIH","Shallow Tubew ell","Ground Water",,"HandPump","Alauli New  Sinking H.T. Water Supply(0001988594)"
219,"Khagaria","Alauli","Roun",8,"RAUN","BARUWA","Shallow Tubew ell","Ground Water",,"HandPump","ALAULI H.T. Water Supply Scheme(0001986156)"
220,"Khagaria","Alauli","Roun",9,"RAUN","BARUWA","Shallow Tubew ell","Ground Water","R Vp Verma","HandPump","Sustainable T/W(0006952680)"
221,"Khagaria","Alauli","Roun",10,"RAUN","BATHNAHA","Shallow Tubew ell","Ground Water",,"HandPump","ALAULI H.T. Water Supply Scheme(0001986156)"
222,"Khagaria","Alauli","Roun",11,"RAUN","BELORIA","Shallow Tubew ell","Ground Water",,"HandPump","ALAULI H.T. Water Supply Scheme(0001986156)"
223,"Khagaria","Alauli","Roun",12,"RAUN","GULARIA","Shallow Tubew ell","Ground Water",,"HandPump","ALAULI H.T. Water Supply Scheme(0001986156)"
224,"Khagaria","Alauli","Roun",13,"RAUN","ROUN","Shallow Tubew ell","Ground Water",,"HandPump","ALAULI H.T. Water Supply Scheme(0001986156)"
225,"Khagaria","Alauli","Roun",14,"RAUN","ROUN","Shallow Tubew ell","Ground Water",,"HandPump","ALAULI H.T. Water Supply Scheme(0001986156)"
226,"Khagaria","Alauli","Roun",15,"RAUN","ROUN","Deep Tubew ell","Ground Water","Samudaik Bhaw an Mushahri","HandPump","IM II T/W NRDWP SUSTAINABLE(Sri Abhishek Kumar, F- 2/3/2013-14) (0006492566)"
227,"Khagaria","Alauli","Roun",16,"RAUN","ROUN","Shallow Tubew ell","Ground Water",,"HandPump","INSTALLATION OF HAND PUMPS(0001960234)"
228,"Khagaria","Alauli","Bhadur",1,"IMLI","HARIJAN TOLA","Shallow Tubew ell","Ground Water",,"HandPump","Alauli New  Sinking H.T. Water Supply(0001988594)"
229,"Khagaria","Alauli","Bhadur",2,"IMLI","IMLI","Shallow Tubew ell","Ground Water",,"HandPump","ALAULI H.T. Water Supply Scheme(0001986156)"
230,"Khagaria","Alauli","Bhadur",3,"IMLI","IMLI","Shallow Tubew ell","Ground Water","SHIVKANT YADAV","HandPump","INSTALLATION OF HAND PUMPS(0001962059)"
231,"Khagaria","Alauli","Bhikhari Ghat",1,"BHIKHARI GHAT","BHIKHARI GHAT","Shallow Tubew ell","Ground Water",,"HandPump","ALAULI H.T. Water Supply Scheme(0001986156)"
232,"Khagaria","Alauli","Bhikhari Ghat",2,"BHIKHARI GHAT","BHIKHARI GHAT","Shallow Tubew ell","Ground Water",,"HandPump","ALAULI H.T. Water Supply Scheme(0001986156)"
233,"Khagaria","Alauli","Bhikhari Ghat",3,"BHIKHARI GHAT","BHIKHARI GHAT","Shallow Tubew ell","Ground Water","Sri Bhikho Ram","HandPump","Sinkking Of T/W With I R P(Anil Kr F2/11/09-10) (0006493525)"
234,"Khagaria","Alauli","Bhikhari Ghat",4,"BHIKHARI GHAT","BHIKHARI GHAT","Shallow Tubew ell","Ground Water","Kapil Dev Sada","HandPump","Sustainable T/W(0006952680)"
235,"Khagaria","Alauli","Bhikhari Ghat",5,"BHIKHARI GHAT","HARIJAN TOLA","Shallow Tubew ell","Ground Water",,"HandPump","ALAULI H.T. Water Supply Scheme(0001986156)"
236,"Khagaria","Alauli","Bhikhari Ghat",6,"BHIKHARI GHAT","HARIJAN TOLA","Shallow Tubew ell","Ground Water",,"HandPump","ALAULI H.T. Water Supply Scheme(0001986156)"
237,"Khagaria","Alauli","Bhikhari Ghat",7,"BHIKHARI GHAT","HARIJAN TOLA","Shallow Tubew ell","Ground Water",,"HandPump","ALAULI H.T. Water Supply Scheme(0001986156)"
238,"Khagaria","Alauli","Bhikhari Ghat",8,"BHIKHARI GHAT","HARIJAN TOLA","Shallow Tubew ell","Ground Water",,"HandPump","ALAULI H.T. Water Supply Scheme(0001986156)"
239,"Khagaria","Alauli","Bhikhari Ghat",9,"BURHWA","BURWA","Shallow Tubew ell","Ground Water",,"HandPump","ALAULI H.T. Water Supply Scheme(0001986156)"
240,"Khagaria","Alauli","Bhikhari Ghat",10,"BURHWA","BURWA","Shallow Tubew ell","Ground Water",,"HandPump","ALAULI H.T. Water Supply Scheme(0001986156)"
241,"Khagaria","Alauli","Bhikhari Ghat",11,"BURHWA","BURWA","Deep Tubew ell","Ground Water","Parmodyadav","HandPump","IM II T/W NRDWP SUSTAINABLE(Sri Abhishek Kumar, F- 2/3/2013-14) (0006492566)"
242,"Khagaria","Alauli","Bhikhari Ghat",12,"BURHWA","BURWA","Deep Tubew ell","Ground Water","Shiv Mandir","HandPump","IM II T/W NRDWP SUSTAINABLE(Sri Abhishek Kumar, F- 2/3/2013-14) (0006492566)"
243,"Khagaria","Alauli","Bhikhari Ghat",13,"BURHWA","HARIJAN TOLA","Shallow Tubew ell","Ground Water",,"HandPump","Alauli New  Sinking H.T. Water Supply(0001988594)"
244,"Khagaria","Alauli","Bhikhari Ghat",14,"BURHWA","HARIJAN TOLA","Shallow Tubew ell","Ground Water","Radheshyam Das","HandPump","Sustainable T/W(0006952680)"
245,"Khagaria","Alauli","Bhikhari Ghat",15,"PARRI","HARIJAN TOLA","Shallow Tubew ell","Ground Water",,"HandPump","Alauli New  Sinking H.T. Water Supply(0001988594)"
246,"Khagaria","Alauli","Bhikhari Ghat",16,"PARRI","PARRI DIH","Shallow Tubew ell","Ground Water",,"HandPump","Alauli New  Sinking H.T. Water Supply(0001988594)"
247,"Khagaria","Alauli","Bhikhari Ghat",17,"PARRI","PARRI DIH","Deep Tubew ell","Ground Water","BHIKHARI GHAT PARRI","PWS","MPWSS BHIKHARI GHAT(0006489451)"
248,"Khagaria","Alauli","Bhikhari Ghat",18,"PARRI","PARRI DIH","Deep Tubew ell","Ground Water","GHIRLS PRIMARY SCHOOL PARRI","HandPump","RUNNING WATER ARRANGEMENT WITH IRP BY SOLAR ENERGY IN SCHOOL IN KHAGARIA(0006552223)"
249,"Khagaria","Alauli","Banoh Chatar",1,"BADHCHATAR","BANOH CHATAR","Shallow Tubew ell","Ground Water",,"HandPump","ALAULI H.T. Water Supply Scheme(0001986156)"
250,"Khagaria","Alauli","Banoh Chatar",2,"BADHCHATAR","BANOH CHATAR","Shallow Tubew ell","Ground Water",,"HandPump","ALAULI H.T. Water Supply Scheme(0001986156)"
251,"Khagaria","Alauli","Banoh Chatar",3,"BADHCHATAR","BANOH CHATAR","Shallow Tubew ell","Ground Water","Sri Satish Prasad Singh","HandPump","Sinkking Of T/W With I R P(Anil Kr F2/11/09-10) (0006493525)"
252,"Khagaria","Alauli","Banoh Chatar",4,"BADHCHATAR","BANOH CHATAR","Shallow Tubew ell","Ground Water","Sri GHarnighar Singh","HandPump","Sinkking Of T/W With I R P(Anil Kr F2/11/09-10) (0006493525)"
253,"Khagaria","Alauli","Banoh Chatar",5,"BADHCHATAR","NARAINA","Shallow Tubew ell","Ground Water",,"HandPump","ALAULI H.T. Water Supply Scheme(0001986156)"
254,"Khagaria","Alauli","Banoh Chatar",6,"BADHCHATAR","NARAINA","Deep Tubew ell","Ground Water","MUSHAHRI","HandPump","IM-II NRDWP SUSTAINABLE T/W(SHREE SHAILENDAR KUMAR F2/01/2013-14) (0006493289)"
255,"Khagaria","Alauli","Banoh Chatar",7,"BADHCHATAR","NARAINA","Shallow Tubew ell","Ground Water",,"HandPump","INSTALLATION OF HAND PUMPS(0001962074)"
256,"Khagaria","Alauli","Banoh Chatar",8,"BADHCHATAR","NAYA BANDH CHATAR","Shallow Tubew ell","Ground Water",,"HandPump","Alauli New  Sinking H.T. Water Supply(0001988594)"
257,"Khagaria","Alauli","Banoh Chatar",9,"SANTOKH BISHUNPUR","HARIJAN TOLA","Shallow Tubew ell","Ground Water",,"HandPump","Alauli New  Sinking H.T. Water Supply(0001988594)"
258,"Khagaria","Alauli","Banoh Chatar",10,"SANTOKH BISHUNPUR","SANTOSH BISHUNPUR","Shallow Tubew ell","Ground Water",,"HandPump","ALAULI H.T. Water Supply Scheme(0001986156)"
259,"Khagaria","Alauli","Banoh Chatar",11,"SANTOKH BISHUNPUR","SANTOSH BISHUNPUR","Deep Tubew ell","Ground Water","PRIMARY SCHOOL SANTOKH","HandPump","RUNNING WATER ARRANGEMENT WITH IRP BY SOLAR ENERGY IN SCHOOL IN KHAGARIA(0006552223)"
260,"Khagaria","Alauli","Ambaicharua",1,"AMBAICHARUA","AMBA","Shallow Tubew ell","Ground Water",,"HandPump","ALAULI H.T. Water Supply Scheme(0001986156)"
261,"Khagaria","Alauli","Ambaicharua",2,"AMBAICHARUA","AMBA","Shallow Tubew ell","Ground Water",,"HandPump","ALAULI H.T. Water Supply Scheme(0001986156)"
262,"Khagaria","Alauli","Ambaicharua",3,"AMBAICHARUA","AMBA","Shallow Tubew ell","Ground Water",,"HandPump","ALAULI H.T. Water Supply Scheme(0001986156)"
263,"Khagaria","Alauli","Ambaicharua",4,"AMBAICHARUA","AMBA","Deep Tubew ell","Ground Water",,"HandPump","Ht Scheme(0004708055)"
264,"Khagaria","Alauli","Ambaicharua",5,"AMBAICHARUA","AMBA","Deep Tubew ell","Ground Water",,"HandPump","Ht Scheme(0004708055)"
265,"Khagaria","Alauli","Ambaicharua",6,"AMBAICHARUA","AMBAEACHARUWA","Shallow Tubew ell","Ground Water",,"HandPump","ALAULI H.T. Water Supply Scheme(0001986156)"
266,"Khagaria","Alauli","Ambaicharua",7,"AMBAICHARUA","AMBAEACHARUWA","Shallow Tubew ell","Ground Water","Sri Gopal Singh","HandPump","Sinkking Of T/W With I R P(Anil Kr F2/11/09-10) (0006493525)"
267,"Khagaria","Alauli","Ambaicharua",8,"AMBAICHARUA","AMBAEACHARUWA","Shallow Tubew ell","Ground Water","Sri Raj Kumar Pasw an","HandPump","Sinkking Of T/W With I R P(Anil Kr F2/11/09-10) (0006493525)"
268,"Khagaria","Alauli","Ambaicharua",9,"AMBAICHARUA","AMBAEACHARUWA","Shallow Tubew ell","Ground Water","Sri Deepak Patel","HandPump","Sinkking Of T/W With I R P(Anil Kr F2/11/09-10) (0006493525)"
269,"Khagaria","Alauli","Ambaicharua",10,"AMBAICHARUA","AMBAEACHARUWA","Shallow Tubew ell","Ground Water","Dashrath Sada","HandPump","Sustainable T/W(0006952680)"
270,"Khagaria","Alauli","Ambaicharua",11,"AMBAICHARUA","HATHIAJAN","Shallow Tubew ell","Ground Water","T/W1","HandPump","ALAULI H.T. Water Supply Scheme(0001986156)"
271,"Khagaria","Alauli","Ambaicharua",12,"AMBAICHARUA","KAMATHAN","Shallow Tubew ell","Ground Water",,"HandPump","ALAULI H.T. Water Supply Scheme(0001986156)"
272,"Khagaria","Alauli","Ambaicharua",13,"AMBAICHARUA","KAMATHAN","Shallow Tubew ell","Ground Water",,"HandPump","ALAULI H.T. Water Supply Scheme(0001986156)"
273,"Khagaria","Alauli","Ambaicharua",14,"AMBAICHARUA","KAMATHAN","Shallow Tubew ell","Ground Water",,"HandPump","ALAULI H.T. Water Supply Scheme(0001986156)"
274,"Khagaria","Alauli","Ambaicharua",15,"AMBAICHARUA","KAMATHAN","Shallow Tubew ell","Ground Water",,"HandPump","ALAULI H.T. Water Supply Scheme(0001986156)"
275,"Khagaria","Alauli","Ambaicharua",16,"AMBAICHARUA","MORKAHI","Shallow Tubew ell","Ground Water",,"HandPump","ALAULI H.T. Water Supply Scheme(0001986156)"
276,"Khagaria","Alauli","Ambaicharua",17,"AMBAICHARUA","MORKAHI","Deep Tubew ell","Ground Water","MORKAHI","PWS","MPWS MORKAHI(0006489475)"
277,"Khagaria","Alauli","Ambaicharua",18,"AMBAICHARUA","MORKAHI","Deep Tubew ell","Ground Water","Ram Bahadur Ajad","HandPump","NRDWP(0007074667)"
278,"Khagaria","Alauli","Ambaicharua",19,"AMBAICHARUA","NAGAR TOLA","Shallow Tubew ell","Ground Water",,"HandPump","ALAULI H.T. Water Supply Scheme(0001986156)"
279,"Khagaria","Alauli","Ambaicharua",20,"AMBAICHARUA","PASWAN TOLA","Shallow Tubew ell","Ground Water",,"HandPump","ALAULI H.T. Water Supply Scheme(0001986156)"
280,"Khagaria","Alauli","Ambaicharua",21,"AMBAICHARUA","PRASS MUSHARI","Shallow Tubew ell","Ground Water",,"HandPump","ALAULI H.T. Water Supply Scheme(0001986156)"
281,"Khagaria","Alauli","Ambaicharua",22,"AMBAICHARUA","PRASS MUSHARI","Deep Tubew ell","Ground Water","Bhagw ati Asthan","HandPump","IM II T/W NRDWP SUSTAINABLE(Sri Abhishek Kumar, F- 2/3/2013-14) (0006492566)"
282,"Khagaria","Alauli","Ambaicharua",23,"AMBAICHARUA","TILAK NAGAR","Shallow Tubew ell","Ground Water",,"HandPump","ALAULI H.T. Water Supply Scheme(0001986156)"
283,"Khagaria","Alauli","Ambaicharua",24,"AMBAICHARUA","TILAK NAGAR","Shallow Tubew ell","Ground Water",,"HandPump","ALAULI H.T. Water Supply Scheme(0001986156)"
284,"Khagaria","Alauli","Ambaicharua",25,"AMBAICHARUA","TILAK NAGAR","Shallow Tubew ell","Ground Water",,"HandPump","ALAULI H.T. Water Supply Scheme(0001986156)"
285,"Khagaria","Alauli","Ambaicharua",26,"AMBAICHARUA","TILAK NAGAR","Shallow Tubew ell","Ground Water",,"HandPump","ALAULI H.T. Water Supply Scheme(0001986156)"
286,"Khagaria","Alauli","Ambaicharua",27,"AMBAICHARUA","TILAK NAGAR","Deep Tubew ell","Ground Water","Mushahri","HandPump","IM II T/W NRDWP SUSTAINABLE(Sri Abhishek Kumar, F- 2/3/2013-14) (0006492566)"
287,"Khagaria","Alauli","Ambaicharua",28,"AMBAICHARUA","TILAK NAGAR","Deep Tubew ell","Ground Water","Darogi Pd Sharma","HandPump","NRDWP(0007074667)"
288,"Khagaria","Alauli","Ambaicharua",29,"AMBAICHARUA","TILAK NAGAR","Shallow Tubew ell","Ground Water","Ramvaran Sah","HandPump","Sustainable T/W(0006952680)"
289,"Khagaria","Alauli","Ambaicharua",30,"AMBAICHARUA","TIRASI","Shallow Tubew ell","Ground Water",,"HandPump","ALAULI H.T. Water Supply Scheme(0001986156)"
290,"Khagaria","Alauli","Sahsi",1,"GIDDHA","GIDDHA","Shallow Tubew ell","Ground Water",,"HandPump","ALAULI H.T. Water Supply Scheme(0001986156)"
291,"Khagaria","Alauli","Sahsi",2,"GIDDHA","GIDDHA","Shallow Tubew ell","Ground Water","SRi Harinandan Yadav","HandPump","Sinkking Of T/W With I R P(Anil Kr F2/11/09- 10)(0006493525)"
292,"Khagaria","Alauli","Sahsi",3,"GIDDHA","HARIJAN TOLA","Shallow Tubew ell","Ground Water",,"HandPump","Alauli New  Sinking H.T. Water Supply(0001988594)"
293,"Khagaria","Alauli","Sahsi",4,"JOGIA","FAKIR TOLA","Shallow Tubew ell","Ground Water",,"HandPump","ALAULI H.T. Water Supply Scheme(0001986156)"
294,"Khagaria","Alauli","Sahsi",5,"JOGIA","FAKIR TOLA","Shallow Tubew ell","Ground Water","Md Abdul Hasan","HandPump","Sustainable T/W(0006952680)"
295,"Khagaria","Alauli","Sahsi",6,"JOGIA","HARIJAN TOLA","Shallow Tubew ell","Ground Water",,"HandPump","Alauli New  Sinking H.T. Water Supply(0001988594)"
296,"Khagaria","Alauli","Sahsi",7,"JOGIA","JOGIYA","Shallow Tubew ell","Ground Water",,"HandPump","ALAULI H.T. Water Supply Scheme(0001986156)"
297,"Khagaria","Alauli","Sahsi",8,"JOGIA","JOGIYA","Shallow Tubew ell","Ground Water","Md Sahulat Hushan","HandPump","Sinkking Of T/W With I R P(Anil Kr F2/11/09- 10)(0006493525)"
298,"Khagaria","Alauli","Sahsi",9,"SAHSI","ALAS","Shallow Tubew ell","Ground Water",,"HandPump","Alauli New  Sinking H.T. Water Supply(0001988594)"
299,"Khagaria","Alauli","Sahsi",10,"SAHSI","DIHULIYA","Shallow Tubew ell","Ground Water",,"HandPump","Alauli New  Sinking H.T. Water Supply(0001988594)"
300,"Khagaria","Alauli","Sahsi",11,"SAHSI","DIHULIYA","Deep Tubew ell","Ground Water","Masjid","HandPump","IM II T/W NRDWP SUSTAINABLE(Sri Abhishek Kumar, F- 2/3/2013-14) (0006492566)"
301,"Khagaria","Alauli","Sahsi",12,"SAHSI","PANBIBI","Shallow Tubew ell","Ground Water",,"HandPump","Alauli New  Sinking H.T. Water Supply(0001988594)"
302,"Khagaria","Alauli","Sahsi",13,"SAHSI","SAHSI","Shallow Tubew ell","Ground Water",,"HandPump","ALAULI H.T. Water Supply Scheme(0001986156)"
303,"Khagaria","Alauli","Sahsi",14,"SAHSI","SAHSI","Shallow","Ground Water",,"HandPump","ALAULI H.T. Water Supply"
304,"Khagaria","Alauli","Sahsi",15,"SAHSI","SAHSI","Shallow Tubew ell","Ground Water",,"HandPump","ALAULI H.T. Water Supply Scheme(0001986156)"
305,"Khagaria","Alauli","Sahsi",16,"SAHSI","SAHSI","Deep Tubew ell","Ground Water","Dinkar Patel","HandPump","IM II T/W NRDWP SUSTAINABLE(Sri Abhishek Kumar, F- 2/3/2013-14) (0006492566)"
306,"Khagaria","Alauli","Sahsi",17,"SAHSI","SAHSI","Shallow Tubew ell","Ground Water","Sri Rajee Yadav","HandPump","Sinkking Of T/W With I R P(Anil Kr F2/11/09- 10)(0006493525)"
307,"Khagaria","Alauli","Sahsi",18,"SAHSI","SOR KAHI","Shallow Tubew ell","Ground Water",,"HandPump","ALAULI H.T. Water Supply Scheme(0001986156)"
308,"Khagaria","Alauli","Sahsi",19,"SAHSI","SOR KAHI","Shallow Tubew ell","Ground Water","Ashok Kumar","HandPump","Sustainable T/W(0006952680)"
309,"Khagaria","Alauli","Cherakhera",1,"CHERAKHERA","BELDARI","Shallow Tubew ell","Ground Water",,"HandPump","ALAULI H.T. Water Supply Scheme(0001986156)"
310,"Khagaria","Alauli","Cherakhera",2,"CHERAKHERA","BETAUNA","Shallow Tubew ell","Ground Water",,"HandPump","ALAULI H.T. Water Supply Scheme(0001986156)"
311,"Khagaria","Alauli","Cherakhera",3,"CHERAKHERA","BHARATH","Shallow Tubew ell","Ground Water",,"HandPump","Alauli New  Sinking H.T. Water Supply(0001988594)"
312,"Khagaria","Alauli","Cherakhera",4,"CHERAKHERA","BHARATH","Deep Tubew ell","Ground Water","Rambali Bind","HandPump","NRDWP(0007074667)"
313,"Khagaria","Alauli","Cherakhera",5,"CHERAKHERA","CHERAKHERA","Shallow Tubew ell","Ground Water",,"HandPump","ALAULI H.T. Water Supply Scheme(0001986156)"
314,"Khagaria","Alauli","Cherakhera",6,"CHERAKHERA","CHERAKHERA","Shallow Tubew ell","Ground Water",,"HandPump","ALAULI H.T. Water Supply Scheme(0001986156)"
315,"Khagaria","Alauli","Cherakhera",7,"CHERAKHERA","CHERAKHERA","Shallow Tubew ell","Ground Water",,"HandPump","ALAULI H.T. Water Supply Scheme(0001986156)"
316,"Khagaria","Alauli","Cherakhera",8,"CHERAKHERA","CHERAKHERA","Shallow Tubew ell","Ground Water",,"HandPump","ALAULI H.T. Water Supply Scheme(0001986156)"
317,"Khagaria","Alauli","Cherakhera",9,"CHERAKHERA","CHERAKHERA","Shallow Tubew ell","Ground Water",,"HandPump","ALAULI H.T. Water Supply Scheme(0001986156)"
318,"Khagaria","Alauli","Cherakhera",10,"CHERAKHERA","CHERAKHERA","Deep Tubew ell","Ground Water","Alamgir Ward-19","HandPump","NRDWP(0007074667)"
319,"Khagaria","Alauli","Cherakhera",11,"CHERAKHERA","FULBARIYA","Shallow Tubew ell","Ground Water",,"HandPump","ALAULI H.T. Water Supply Scheme(0001986156)"
320,"Khagaria","Alauli","Cherakhera",12,"CHERAKHERA","HARDIYA","Shallow Tubew ell","Ground Water",,"HandPump","ALAULI H.T. Water Supply Scheme(0001986156)"
321,"Khagaria","Alauli","Cherakhera",13,"CHERAKHERA","MAJHWARIYA","Shallow Tubew ell","Ground Water",,"HandPump","ALAULI H.T. Water Supply Scheme(0001986156)"
322,"Khagaria","Alauli","Cherakhera",14,"CHERAKHERA","MOHRAGHAT","Shallow Tubew ell","Ground Water",,"HandPump","ALAULI H.T. Water Supply Scheme(0001986156)"
323,"Khagaria","Alauli","Cherakhera",15,"CHERAKHERA","MOHRAGHAT","Shallow Tubew ell","Ground Water",,"HandPump","ALAULI H.T. Water Supply Scheme(0001986156)"
324,"Khagaria","Alauli","Cherakhera",16,"CHERAKHERA","MOHRAGHAT","Shallow Tubew ell","Ground Water",,"HandPump","ALAULI H.T. Water Supply Scheme(0001986156)"
325,"Khagaria","Alauli","Cherakhera",17,"CHERAKHERA","MOHRAGHAT","Deep Tubew ell","Ground Water","Kedar Singh","HandPump","IM II T/W NRDWP SUSTAINABLE(Sri Abhishek Kumar, F- 2/3/2013-14) (0006492566)"
326,"Khagaria","Alauli","Cherakhera",18,"CHERAKHERA","MOHRAGHAT","Deep Tubew ell","Ground Water","Ramjapo Singh","HandPump","IM II T/W NRDWP SUSTAINABLE(Sri Abhishek Kumar, F- 2/3/2013-14) (0006492566)"
327,"Khagaria","Alauli","Cherakhera",19,"CHERAKHERA","NORTH BHORWA","Shallow Tubew ell","Ground Water",,"HandPump","ALAULI H.T. Water Supply Scheme(0001986156)"
328,"Khagaria","Alauli","Cherakhera",20,"CHERAKHERA","NORTH BHORWA","Shallow Tubew ell","Ground Water","Chumman Mukhiya","HandPump","Sustainable T/W(0006952680)"
329,"Khagaria","Alauli","Cherakhera",21,"CHERAKHERA","PUBARI PARASS","Shallow Tubew ell","Ground Water",,"HandPump","Alauli New  Sinking H.T. Water Supply(0001988594)"
330,"Khagaria","Alauli","Cherakhera",22,"CHERAKHERA","SOUTH BHORWA","Shallow Tubew ell","Ground Water",,"HandPump","ALAULI H.T. Water Supply Scheme(0001986156)"
331,"Khagaria","Alauli","Cherakhera",23,"CHERAKHERA","SOUTH BHORWA","Shallow Tubew ell","Ground Water","Ramjapo","HandPump","Sustainable T/W(0006952680)"
332,"Khagaria","Alauli","Bhadurpur",1,"BAHADURPUR","BAHADURPUR","Shallow Tubew ell","Ground Water",,"HandPump","ALAULI H.T. Water Supply Scheme(0001986156)"
333,"Khagaria","Alauli","Bhadurpur",2,"BAHADURPUR","BAHADURPUR","Shallow Tubew ell","Ground Water",,"HandPump","ALAULI H.T. Water Supply Scheme(0001986156)"
334,"Khagaria","Alauli","Bhadurpur",3,"BAHADURPUR","BAHADURPUR","Shallow Tubew ell","Ground Water",,"HandPump","ALAULI H.T. Water Supply Scheme(0001986156)"
335,"Khagaria","Alauli","Bhadurpur",4,"BAHADURPUR","BAHADURPUR","Shallow Tubew ell","Ground Water",,"HandPump","ALAULI H.T. Water Supply Scheme(0001986156)"
336,"Khagaria","Alauli","Bhadurpur",5,"BAHADURPUR","BAHADURPUR","Shallow Tubew ell","Ground Water",,"HandPump","ALAULI H.T. Water Supply Scheme(0001986156)"
337,"Khagaria","Alauli","Bhadurpur",6,"BAHADURPUR","BAHADURPUR","Deep Tubew ell","Ground Water","Garamin Bank","HandPump","IM II T/W NRDWP SUSTAINABLE(Sri Abhishek Kumar, F- 2/3/2013-14) (0006492566)"
338,"Khagaria","Alauli","Bhadurpur",7,"BAHADURPUR","BAHADURPUR","Shallow Tubew ell","Ground Water",,"HandPump","INSTALLATION OF HAND PUMPS(0001960242)"
339,"Khagaria","Alauli","Bhadurpur",8,"BAHADURPUR","BAHADURPUR","Shallow Tubew ell","Ground Water","BHARAT YADAV","HandPump","INSTALLATION OF HAND PUMPS(0001962065)"
340,"Khagaria","Alauli","Bhadurpur",9,"BAHADURPUR","BAHADURPUR","Shallow Tubew ell","Ground Water","SATYANARAYAN YADAV","HandPump","INSTALLATION OF HAND PUMPS(0001962071)"
341,"Khagaria","Alauli","Bhadurpur",10,"BAHADURPUR","BAHADURPUR","Shallow Tubew ell","Ground Water","HIGH SCHOOL BAHADURPUR","HandPump","SINKKING OF T/W WITH I R P(0006490276)"
342,"Khagaria","Alauli","Bhadurpur",11,"BAHADURPUR","BAHADURPUR","Shallow Tubew ell","Ground Water","Sri Mahendra Ram","HandPump","Sinkking Of T/W With I R P(Anil Kr F2/11/09- 10)(0006493525)"
343,"Khagaria","Alauli","Bhadurpur",12,"BAHADURPUR","BAHADURPUR","Shallow Tubew ell","Ground Water","Sri Amarnath Kumar Yadav","HandPump","Sinkking Of T/W With I R P(Anil Kr F2/11/09- 10)(0006493525)"
344,"Khagaria","Alauli","Bhadurpur",13,"BAHADURPUR","BAHADURPUR","Shallow Tubew ell","Ground Water","Shiv Mandir","HandPump","Sustainable T/W(0006952680)"
345,"Khagaria","Alauli","Bhadurpur",14,"BAHADURPUR","LAXMI PUR","Shallow Tubew ell","Ground Water",,"HandPump","ALAULI H.T. Water Supply Scheme(0001986156)"
346,"Khagaria","Alauli","Bhadurpur",15,"BAHADURPUR","NAYA BAS","Shallow Tubew ell","Ground Water",,"HandPump","Alauli New  Sinking H.T. Water Supply(0001988594)"
347,"Khagaria","Alauli","Bhadurpur",16,"BAHADURPUR","RAHI TOLA","Shallow Tubew ell","Ground Water",,"HandPump","ALAULI H.T. Water Supply Scheme(0001986156)"
348,"Khagaria","Alauli","Bhadurpur",17,"SANIHAR","FAKIR TOLA","Shallow Tubew ell","Ground Water",,"HandPump","Alauli New  Sinking H.T. Water Supply(0001988594)"
349,"Khagaria","Alauli","Bhadurpur",18,"SANIHAR","FAKIR TOLA","Shallow Tubew ell","Ground Water","M M College","HandPump","Sustainable T/W(0006952680)"
350,"Khagaria","Alauli","Bhadurpur",19,"SANIHAR","SONIHAR","Deep Tubew ell","Ground Water","Near Primary School","HandPump","IM II T/W NRDWP SUSTAINABLE(Sri Abhishek Kumar, F- 2/3/2013-14) (0006492566)"
351,"Khagaria","Alauli","Bhadurpur",20,"SANIHAR","SONIHAR","Deep Tubew ell","Ground Water","T/W 2","HandPump","Khagaria Iron Aff. Habitation Scheme(0005579048)"
352,"Khagaria","Alauli","Bhadurpur",21,"SANIHAR","SONIHAR","Deep Tubew ell","Ground Water","T/W 3","HandPump","Khagaria Iron Aff. Habitation Scheme(0005579048)"
353,"Khagaria","Alauli","Bhadurpur",22,"SANIHAR","SONIHAR","Deep Tubew ell","Ground Water","T/W 4","HandPump","Khagaria Iron Aff. Habitation Scheme(0005579048)"
354,"Khagaria","Alauli","Bhadurpur",23,"SANIHAR","SONIHAR","Deep Tubew ell","Ground Water","T/W 5","HandPump","Khagaria Iron Aff. Habitation Scheme(0005579048)"
355,"Khagaria","Alauli","Bhadurpur",24,"SANIHAR","SONIHAR","Deep Tubew ell","Ground Water","T/W 1","HandPump","Nc/Pc Hand Pump Scheme(0004568388)"
356,"Khagaria","Alauli","Bhadurpur",25,"SANIHAR","SONIHAR","Shallow Tubew ell","Ground Water","Sri Rajendra Ray","HandPump","Sinkking Of T/W With I R P(Anil Kr F2/11/09- 10)(0006493525)"
357,"Khagaria","Alauli","Bhadurpur",26,"SANIHAR","SONIHAR","Shallow Tubew ell","Ground Water","Md Sahav Raj","HandPump","Sinkking Of T/W With I R P(Anil Kr F2/11/09- 10)(0006493525)"
358,"Khagaria","Alauli","Alauli",1,"ALAULI","ALAULI","Shallow Tubew ell","Ground Water",,"HandPump","ALAULI H.T. Water Supply Scheme(0001986156)"
359,"Khagaria","Alauli","Alauli",2,"ALAULI","ALAULI","Shallow Tubew ell","Ground Water",,"HandPump","ALAULI H.T. Water Supply Scheme(0001986156)"
360,"Khagaria","Alauli","Alauli",3,"ALAULI","ALAULI","Shallow Tubew ell","Ground Water",,"HandPump","ALAULI H.T. Water Supply Scheme(0001986156)"
361,"Khagaria","Alauli","Alauli",4,"ALAULI","ALAULI","Deep Tubew ell","Ground Water","THANA CAMPUS","HandPump","IM II T/W NRDWP SUSTAINABLE(Sri Abhishek Kumar, F- 2/3/2013-14) (0006492566)"
362,"Khagaria","Alauli","Alauli",5,"ALAULI","ALAULI","Shallow Tubew ell","Ground Water",,"HandPump","INSTALLATION OF HAND PUMPS(0001960237)"
363,"Khagaria","Alauli","Alauli",6,"ALAULI","ALAULI","Deep Tubew ell","Ground Water",,"PWS","Mini Piped Water Supply Scheme(0004709790)"
364,"Khagaria","Alauli","Alauli",7,"ALAULI","ALAULI","Deep Tubew ell","Ground Water","Allauli Thana","HandPump","NRDWP(0007074667)"
365,"Khagaria","Alauli","Alauli",8,"ALAULI","ALAULI","Deep Tubew ell","Ground Water","IN BLOCK OFFICE CAMPUS","PWS","PIPED WATER SUPPLY SCHEME(0001963354)"
366,"Khagaria","Alauli","Alauli",9,"ALAULI","ALAULI","Shallow Tubew ell","Ground Water","Sri Chandan Poudar","HandPump","SINKKING OF T/W WITH I R P(0006490276)"
367,"Khagaria","Alauli","Alauli",10,"ALAULI","ALAULI","Shallow Tubew ell","Ground Water","BLOCK HALL","HandPump","SINKKING OF T/W WITH I R P(0006490276)"
368,"Khagaria","Alauli","Alauli",11,"ALAULI","ALAULI","Shallow Tubew ell","Ground Water","THANA CAMPUS","HandPump","SINKKING OF T/W WITH I R P(0006490276)"
369,"Khagaria","Alauli","Alauli",12,"ALAULI","ALAULI","Shallow Tubew ell","Ground Water","HALDER PRASAD YADAV","HandPump","SINKKING OF T/W WITH I R P(0006490276)"
370,"Khagaria","Alauli","Alauli",13,"ALAULI","ALAULI","Shallow Tubew ell","Ground Water","Pasw an Tola/ Harijan Baithka","HandPump","Sustainable T/W(0006952680)"
371,"Khagaria","Alauli","Alauli",14,"ALAULI","ALAULI","Shallow Tubew ell","Ground Water","Near Road Side","PWS","TREATMENT(IRP) UNIT FOR RPWSS ALLAULI(0006547493)"
372,"Khagaria","Alauli","Alauli",15,"ALAULI","ALAULI","Deep Tubew ell","Ground Water","IN BLOCK OFFICE CAMPUS","PWS","TREATMENT(IRP) UNIT FOR RPWSS ALLAULI(0006547493)"
373,"Khagaria","Alauli","Alauli",16,"ALAULI","HARIJAN TOLA","Shallow Tubew ell","Ground Water",,"HandPump","ALAULI H.T. Water Supply Scheme(0001986156)"
374,"Khagaria","Alauli","Alauli",17,"ALAULI","HARIJAN TOLA","Shallow Tubew ell","Ground Water","KHAKHAR SADA","HandPump","SINKKING OF T/W WITH I R P(0006490276)"
375,"Khagaria","Alauli","Alauli",18,"ALAULI","MADHUPUR TOLA","Shallow Tubew ell","Ground Water",,"HandPump","ALAULI H.T. Water Supply Scheme(0001986156)"
376,"Khagaria","Alauli","Alauli",19,"ALAULI","MADHUPUR TOLA","Shallow Tubew ell","Ground Water",,"HandPump","ALAULI H.T. Water Supply Scheme(0001986156)"
377,"Khagaria","Alauli","Alauli",20,"ALAULI","MADHUPUR TOLA","Shallow Tubew ell","Ground Water","VIKAS MUKHIYA","HandPump","SINKKING OF T/W WITH I R P(0006490276)"
378,"Khagaria","Alauli","Alauli",21,"ALAULI","MADHUPUR TOLA","Shallow Tubew ell","Ground Water","Sri Ram Vilash Yadav","HandPump","Sinkking Of T/W With I R P(Anil Kr F2/11/09-10) (0006493525)"
379,"Khagaria","Alauli","Alauli",22,"ALAULI","MADHUPUR TOLA","Shallow Tubew ell","Ground Water","Sri Krishan Kumar Hitalar","HandPump","Sinkking Of T/W With I R P(Anil Kr F2/11/09-10) (0006493525)"
380,"Khagaria","Alauli","Alauli",23,"ALAULI","MADHUPUR TOLA","Shallow Tubew ell","Ground Water","Sri Vinod Kumar","HandPump","Sinkking Of T/W With I R P(Anil Kr F2/11/09-10) (0006493525)"
381,"Khagaria","Alauli","Alauli",24,"ALAULI","MADHUPUR TOLA","Shallow Tubew ell","Ground Water","Lmoti Ram","HandPump","Sustainable T/W(0006952680)"
382,"Khagaria","Alauli","Alauli",25,"ALAULI","THARUWA TOLA","Shallow Tubew ell","Ground Water",,"HandPump","ALAULI H.T. Water Supply Scheme(0001986156)"
383,"Khagaria","Alauli","Alauli",26,"ALAULI","THARUWA TOLA","Shallow Tubew ell","Ground Water",,"HandPump","ALAULI H.T. Water Supply Scheme(0001986156)"
384,"Khagaria","Alauli","Alauli",27,"ALAULI","THARUWA TOLA","Deep Tubew ell","Ground Water",,"HandPump","Ht Scheme(0004708055)"
385,"Khagaria","Alauli","Alauli",28,"ALAULI","THARUWA TOLA","Deep Tubew ell","Ground Water","SRI CHANDAR YADAV","HandPump","IM II T/W NRDWP SUSTAINABLE(Sri Abhishek Kumar, F- 2/3/2013-14) (0006492566)"
386,"Khagaria","Alauli","Alauli",29,"ALAULI","THARUWA TOLA","Shallow Tubew ell","Ground Water","RAM BRICK SADA","HandPump","SINKKING OF T/W WITH I R P(0006490276)"
387,"Khagaria","Alauli","Alauli",30,"GAURA CHAK","BUCHAN TOLA","Shallow Tubew ell","Ground Water","T/W1","HandPump","ALAULI H.T. Water Supply Scheme(0001986156)"
388,"Khagaria","Alauli","Alauli",31,"GAURA CHAK","BUCHAN TOLA","Shallow Tubew ell","Ground Water","T/W2","HandPump","ALAULI H.T. Water Supply Scheme(0001986156)"
389,"Khagaria","Alauli","Alauli",32,"GAURA CHAK","BUCHAN TOLA","Shallow Tubew ell","Ground Water","T/W3","HandPump","ALAULI H.T. Water Supply Scheme(0001986156)"
390,"Khagaria","Alauli","Alauli",33,"GAURA CHAK","BUCHAN TOLA","Shallow Tubew ell","Ground Water","T/W4","HandPump","ALAULI H.T. Water Supply Scheme(0001986156)"
391,"Khagaria","Alauli","Alauli",34,"GAURA CHAK","BUCHAN TOLA","Deep Tubew ell","Ground Water","Road Side","HandPump","C/S OF IMII HANDPUMP WITH IRP IN KHAGARIA(0006547665)"
392,"Khagaria","Alauli","Alauli",35,"GAURA CHAK","BUCHAN TOLA","Deep Tubew ell","Ground Water","T/W5","HandPump","Ht Scheme(0004708055)"
393,"Khagaria","Alauli","Alauli",36,"GAURA CHAK","BUCHAN TOLA","Deep Tubew ell","Ground Water","T/W6","HandPump","Ht Scheme(0004708055)"
394,"Khagaria","Alauli","Alauli",37,"GAURA CHAK","BUCHAN TOLA","Deep Tubew ell","Ground Water","T/W7","HandPump","Ht Scheme(0004708055)"
395,"Khagaria","Alauli","Alauli",38,"GAURA CHAK","BUCHAN TOLA","Deep Tubew ell","Ground Water","T/W9","HandPump","Quality Habitation Scheme(0005815824)"
396,"Khagaria","Alauli","Alauli",39,"GAURA CHAK","BUCHAN TOLA","Deep Tubew ell","Ground Water","T/W8","HandPump","Quality Habitation Scheme(0005815824)"
397,"Khagaria","Alauli","Alauli",40,"GAURA CHAK","BUCHAN TOLA","Deep Tubew ell","Ground Water","IN SIDE OF HABITATION","PWS","RPWSS WITH IRP SOLAR ENERGY(0006547424)"
398,"Khagaria","Alauli","Alauli",41,"GAURA CHAK","GOURACHAK","Shallow Tubew ell","Ground Water","T/W2","HandPump","ALAULI H.T. Water Supply Scheme(0001986156)"
399,"Khagaria","Alauli","Alauli",42,"GAURA CHAK","GOURACHAK","Deep Tubew ell","Ground Water","T/W3","HandPump","Ht Scheme(0004708055)"
400,"Khagaria","Alauli","Alauli",43,"GAURA CHAK","GOURACHAK","Deep Tubew ell","Ground Water","T/W4","HandPump","Ht Scheme(0004708055)"
401,"Khagaria","Alauli","Alauli",44,"GAURA CHAK","GOURACHAK","Shallow Tubew ell","Ground Water","T/W1","HandPump","INSTALLATION OF HAND PUMPS(0001960240)"
402,"Khagaria","Alauli","Alauli",45,"GAURA CHAK","GOURACHAK","Deep Tubew ell","Ground Water","T/W5","HandPump","Quality Habitation Scheme(0005815824)"
403,"Khagaria","Alauli","Alauli",46,"GAURA CHAK","GOURACHAK","Deep Tubew ell","Ground Water","T/W6","HandPump","Quality Habitation Scheme(0005815824)"
404,"Khagaria","Alauli","Alauli",47,"GAURA CHAK","GOURACHAK","Deep Tubew ell","Ground Water","IN SIDE OF HABITATION","PWS","RURAL PWSS WITH IRP SOLAR ENERGY (GAURACHAK) (0006547459)"
405,"Khagaria","Alauli","Alauli",48,"GAURA CHAK","HARIJAN TOLA","Shallow Tubew ell","Ground Water",,"HandPump","ALAULI H.T. Water Supply Scheme(0001986156)"
406,"Khagaria","Alauli","Shaharbani",1,"KHONTA","KHONTA","Shallow Tubew ell","Ground Water",,"HandPump","ALAULI H.T. Water Supply Scheme(0001986156)"
407,"Khagaria","Alauli","Shaharbani",2,"KHONTA","MUSHAHARI","Deep Tubew ell","Ground Water",,"HandPump","Alauli Hand Pump(0002677209)"
408,"Khagaria","Alauli","Shaharbani",3,"SAHARBANI","BELAHI","Shallow Tubew ell","Ground Water",,"HandPump","Alauli New  Sinking H.T. Water Supply(0001988594)"
409,"Khagaria","Alauli","Shaharbani",4,"SAHARBANI","BELAHI","Shallow Tubew ell","Ground Water","Sri Baleshw ar Sada","HandPump","Sinkking Of T/W With I R P(Anil Kr F2/11/09- 10)(0006493525)"
410,"Khagaria","Alauli","Shaharbani",5,"SAHARBANI","BELDARI","Shallow Tubew ell","Ground Water",,"HandPump","Alauli New  Sinking H.T. Water Supply(0001988594)"
411,"Khagaria","Alauli","Shaharbani",6,"SAHARBANI","BELDARI","Deep Tubew ell","Ground Water","Javahar Bind","HandPump","NRDWP(0007074667)"
412,"Khagaria","Alauli","Shaharbani",7,"SAHARBANI","BELDARI","Deep Tubew ell","Ground Water","Javahar Bind Sarvjanik Sthan","HandPump","NRDWP(0007074667)"
413,"Khagaria","Alauli","Shaharbani",8,"SAHARBANI","BELDARI","Shallow Tubew ell","Ground Water","Sri Jaw ahar Kumar Vind","HandPump","Sinkking Of T/W With I R P(Anil Kr F2/11/09- 10)(0006493525)"
414,"Khagaria","Alauli","Shaharbani",9,"SAHARBANI","FULTORA","Shallow Tubew ell","Ground Water",,"HandPump","ALAULI H.T. Water Supply Scheme(0001986156)"
415,"Khagaria","Alauli","Shaharbani",10,"SAHARBANI","FULTORA","Deep Tubew ell","Ground Water","Rambadan Mukhiya","HandPump","IM II T/W NRDWP SUSTAINABLE(Sri Abhishek Kumar, F- 2/3/2013-14) (0006492566)"
416,"Khagaria","Alauli","Shaharbani",11,"SAHARBANI","FULTORA","Shallow Tubew ell","Ground Water","Sri Jarman Mukhia","HandPump","Sinkking Of T/W With I R P(Anil Kr F2/11/09- 10)(0006493525)"
417,"Khagaria","Alauli","Shaharbani",12,"SAHARBANI","GAMHARIA","Shallow Tubew ell","Ground Water",,"HandPump","Alauli New  Sinking H.T. Water Supply(0001988594)"
418,"Khagaria","Alauli","Shaharbani",13,"SAHARBANI","KOTHIAR","Shallow Tubew ell","Ground Water",,"HandPump","Alauli New  Sinking H.T. Water Supply(0001988594)"
419,"Khagaria","Alauli","Shaharbani",14,"SAHARBANI","LAKARYAHI","Shallow Tubew ell","Ground Water",,"HandPump","Alauli New  Sinking H.T. Water Supply(0001988594)"
420,"Khagaria","Alauli","Shaharbani",15,"SAHARBANI","MAUSHAHARI DIH","Shallow Tubew ell","Ground Water",,"HandPump","Alauli New  Sinking H.T. Water Supply(0001988594)"
421,"Khagaria","Alauli","Shaharbani",16,"SAHARBANI","MAUSHAHARI DIH","Shallow Tubew ell","Ground Water","MIDDLE SCHOOL MUSHADIA","HandPump","SINKKING OF T/W WITH I R P(0006490276)"
422,"Khagaria","Alauli","Shaharbani",17,"SAHARBANI","MAUSHAHARI DIH","Shallow Tubew ell","Ground Water","Jinda Devi","HandPump","Sustainable T/W(0006952680)"
423,"Khagaria","Alauli","Shaharbani",18,"SAHARBANI","MUSHAHARI","Shallow Tubew ell","Ground Water",,"HandPump","Alauli New  Sinking H.T. Water Supply(0001988594)"
424,"Khagaria","Alauli","Shaharbani",19,"SAHARBANI","MUSHAHARI","Deep Tubew ell","Ground Water","Samudaik Bhaw an","HandPump","IM II T/W NRDWP SUSTAINABLE(Sri Abhishek Kumar, F- 2/3/2013-14) (0006492566)"
425,"Khagaria","Alauli","Shaharbani",20,"SAHARBANI","MUSHAHARI","Shallow Tubew ell","Ground Water","Ashok Sada","HandPump","Sustainable T/W(0006952680)"
426,"Khagaria","Alauli","Shaharbani",21,"SAHARBANI","PIPRA","Shallow Tubew ell","Ground Water",,"HandPump","Alauli New  Sinking H.T. Water Supply(0001988594)"
427,"Khagaria","Alauli","Shaharbani",22,"SAHARBANI","SHAHARBANI","Shallow Tubew ell","Ground Water",,"HandPump","ALAULI H.T. Water Supply Scheme(0001986156)"
428,"Khagaria","Alauli","Shaharbani",23,"SAHARBANI","SHAHARBANI","Deep Tubew ell","Ground Water","Jayshankar Pasw an","HandPump","NRDWP(0007074667)"
429,"Khagaria","Alauli","Shaharbani",24,"SAHARBANI","SHAHARBANI","Deep Tubew ell","Ground Water","Jayshankar Pasw an Ward-9","HandPump","NRDWP(0007074667)"
430,"Khagaria","Alauli","Rampur Allauli",1,"CHHARAPATTI","CHHAPRA PATTI","Shallow Tubew ell","Ground Water",,"HandPump","INSTALLATION OF HAND PUMPS(0001960214)"
431,"Khagaria","Alauli","Rampur Allauli",2,"CHHARAPATTI","CHHAPRA PATTI","Shallow Tubew ell","Ground Water",,"HandPump","Shri Arun Chopal(0000047383)"
432,"Khagaria","Alauli","Rampur Allauli",3,"CHHARAPATTI","CHHAPRA PATTI","Shallow Tubew ell","Ground Water",,"HandPump","Shri Bhadhur Mahto(0000047348)"
433,"Khagaria","Alauli","Rampur Allauli",4,"CHHARAPATTI","CHHAPRA PATTI","Shallow Tubew ell","Ground Water",,"HandPump","Shri Chamuri Choudhary(0000047347)"
434,"Khagaria","Alauli","Rampur Allauli",5,"CHHARAPATTI","CHHAPRA PATTI","Shallow Tubew ell","Ground Water",,"HandPump","Shri Damodar Sada(0000047326)"
435,"Khagaria","Alauli","Rampur Allauli",6,"CHHARAPATTI","CHHAPRA PATTI","Shallow Tubew ell","Ground Water",,"HandPump","Shri Devendra Mandal(0000047332)"
436,"Khagaria","Alauli","Rampur Allauli",7,"CHHARAPATTI","CHHAPRA PATTI","Shallow Tubew ell","Ground Water",,"HandPump","Shri Gulu Yadev(0000047345)"
437,"Khagaria","Alauli","Rampur Allauli",8,"CHHARAPATTI","CHHAPRA PATTI","Shallow Tubew ell","Ground Water",,"HandPump","Shri Pw an Mandal(0000047344)"
438,"Khagaria","Alauli","Rampur Allauli",9,"CHHARAPATTI","CHHAPRA PATTI","Shallow Tubew ell","Ground Water",,"HandPump","Shri Rajeshw ar Mandal(0000047356)"
439,"Khagaria","Alauli","Rampur Allauli",10,"CHHARAPATTI","CHHAPRA PATTI","Shallow Tubew ell","Ground Water",,"HandPump","Shri Ramanand Mandal(0000047359)"
440,"Khagaria","Alauli","Rampur Allauli",11,"CHHARAPATTI","CHHAPRA PATTI","Shallow Tubew ell","Ground Water",,"HandPump","Shri Rushan Mahto(0000047352)"
441,"Khagaria","Alauli","Rampur Allauli",12,"CHHARAPATTI","CHHAPRA PATTI","Shallow Tubew ell","Ground Water","Shravan Singh","HandPump","Sustainable T/W(0006952680)"
442,"Khagaria","Alauli","Rampur Allauli",13,"CHHARAPATTI","HARIJAN TOLA","Deep Tubew ell","Ground Water","RANA PARTAP CHAUDHARI SON MANKHI MUSHAHRI","HandPump","IM II T/W NRDWP SUSTAINABLE(Sri Abhishek Kumar, F- 2/3/2013-14) (0006492566)"
443,"Khagaria","Alauli","Rampur Allauli",14,"CHHARAPATTI","HARIJAN TOLA","Deep Tubew ell","Ground Water","T/W 2","HandPump","Khagaria Iron Aff. Habitation Scheme(0005579048)"
444,"Khagaria","Alauli","Rampur Allauli",15,"CHHARAPATTI","HARIJAN TOLA","Deep Tubew ell","Ground Water","T/W 3","HandPump","Khagaria Iron Aff. Habitation Scheme(0005579048)"
445,"Khagaria","Alauli","Rampur Allauli",16,"CHHARAPATTI","HARIJAN TOLA","Deep Tubew ell","Ground Water","T/W 4","HandPump","Khagaria Iron Aff. Habitation Scheme(0005579048)"
446,"Khagaria","Alauli","Rampur Allauli",17,"CHHARAPATTI","HARIJAN TOLA","Deep Tubew ell","Ground Water","T/W 5","HandPump","Khagaria Iron Aff. Habitation Scheme(0005579048)"
447,"Khagaria","Alauli","Rampur Allauli",18,"CHHARAPATTI","HARIJAN TOLA","Shallow Tubew ell","Ground Water","T/W 1","HandPump","Shri Narayan Pasw an(0000047321)"
448,"Khagaria","Alauli","Rampur Allauli",19,"CHHARAPATTI","HARIJAN TOLA","Shallow Tubew ell","Ground Water","Sri Manibhushan Choupal","HandPump","Sinkking Of T/W With I R P(Anil Kr F2/11/09-10) (0006493525)"
449,"Khagaria","Alauli","Rampur Allauli",20,"CHHARAPATTI","RAMPUR","Deep Tubew ell","Ground Water","T/W 2","HandPump","Khagaria Iron Aff. Habitation Scheme(0005579048)"
450,"Khagaria","Alauli","Rampur Allauli",21,"CHHARAPATTI","RAMPUR","Deep Tubew ell","Ground Water","T/W 3","HandPump","Khagaria Iron Aff. Habitation Scheme(0005579048)"
451,"Khagaria","Alauli","Rampur Allauli",22,"CHHARAPATTI","RAMPUR","Deep Tubew ell","Ground Water","T/W 4","HandPump","Khagaria Iron Aff. Habitation Scheme(0005579048)"
452,"Khagaria","Alauli","Rampur Allauli",23,"CHHARAPATTI","RAMPUR","Deep Tubew ell","Ground Water","T/W 5","HandPump","Khagaria Iron Aff. Habitation Scheme(0005579048)"
453,"Khagaria","Alauli","Rampur Allauli",24,"CHHARAPATTI","RAMPUR","Deep Tubew ell","Ground Water","T/W 6","HandPump","Khagaria Iron Aff. Habitation Scheme(0005579048)"
454,"Khagaria","Alauli","Rampur Allauli",25,"CHHARAPATTI","RAMPUR","Deep Tubew ell","Ground Water","T/W 1","HandPump","Nc/Pc Hand Pump Scheme(0004568388)"
455,"Khagaria","Alauli","Rampur Allauli",26,"CHHARAPATTI","RAMPUR","Shallow Tubew ell","Ground Water","Sri Campani Mandal","HandPump","Sinkking Of T/W With I R P(Anil Kr F2/11/09-10) (0006493525)"
456,"Khagaria","Alauli","Rampur Allauli",27,"CHHARAPATTI","RAMPUR","Shallow Tubew ell","Ground Water","Sri Arvind Prasad Singh","HandPump","Sinkking Of T/W With I R P(Anil Kr F2/11/09-10) (0006493525)"
457,"Khagaria","Alauli","Rampur Allauli",28,"CHHARAPATTI","SISWA","Deep Tubew ell","Ground Water","T/W 3","HandPump","Khagaria Iron Aff. Habitation Scheme(0005579048)"
458,"Khagaria","Alauli","Rampur Allauli",29,"CHHARAPATTI","SISWA","Deep Tubew ell","Ground Water","T/W 4","HandPump","Khagaria Iron Aff. Habitation Scheme(0005579048)"
459,"Khagaria","Alauli","Rampur Allauli",30,"CHHARAPATTI","SISWA","Shallow Tubew ell","Ground Water","T/W 2","HandPump","Shri Amar Yadev(0000047404)"
460,"Khagaria","Alauli","Rampur Allauli",31,"CHHARAPATTI","SISWA","Shallow Tubew ell","Ground Water","T/W 1","HandPump","Shri Dhosoaro Yadev(0000047402)"
461,"Khagaria","Alauli","Rampur Allauli",32,"CHHARAPATTI","SISWA","Shallow Tubew ell","Ground Water","Manoj Kumar/Mintu Kumar","HandPump","Sinkking Of T/W With I R P(Anil Kr F2/11/09-10) (0006493525)"
462,"Khagaria","Alauli","Rampur Allauli",33,"CHHARAPATTI","SISWA","Shallow Tubew ell","Ground Water","Gajadhar Singh","HandPump","Sustainable T/W(0006952680)"
463,"Khagaria","Alauli","Rampur Allauli",34,"CHHARAPATTI","SOMANRI","Deep Tubew ell","Ground Water",,"HandPump","Alauli Hand Pump(0002677209)"
464,"Khagaria","Alauli","Rampur Allauli",35,"CHHARAPATTI","SOMANRI","Shallow Tubew ell","Ground Water",,"HandPump","Alauli New  Sinking H.T. Water Supply(0001988594)"
465,"Khagaria","Alauli","Rampur Allauli",36,"CHHARAPATTI","TIRASI","Deep Tubew ell","Ground Water","SAMUDAIK BHAWAN","HandPump","IM II T/W NRDWP SUSTAINABLE(Sri Abhishek Kumar, F- 2/3/2013-14) (0006492566)"
466,"Khagaria","Alauli","Rampur Allauli",37,"CHHARAPATTI","TIRASI","Deep Tubew ell","Ground Water","T/W 2","HandPump","Khagaria Iron Aff. Habitation Scheme(0005579048)"
467,"Khagaria","Alauli","Rampur Allauli",38,"CHHARAPATTI","TIRASI","Deep Tubew ell","Ground Water","T/W 3","HandPump","Khagaria Iron Aff. Habitation Scheme(0005579048)"
468,"Khagaria","Alauli","Rampur Allauli",39,"CHHARAPATTI","TIRASI","Deep Tubew ell","Ground Water","T/W 4","HandPump","Quality Habitation Scheme(0005815824)"
469,"Khagaria","Alauli","Rampur Allauli",40,"CHHARAPATTI","TIRASI","Shallow Tubew ell","Ground Water","T/W 1","HandPump","Shri Siya Das(0000047406)"
470,"Khagaria","Alauli","Rampur Allauli",41,"CHHARAPATTI","TIRASI","Shallow Tubew ell","Ground Water","Sri Hari Lal Sada","HandPump","Sinkking Of T/W With I R P(Anil Kr F2/11/09-10) (0006493525)"
471,"Khagaria","Alauli","Khuta",1,"DAHWA KHAIRI KHUTAHA","BANHER","Shallow Tubew ell","Ground Water",,"HandPump","ALAULI H.T. Water Supply Scheme(0001986156)"
472,"Khagaria","Alauli","Khuta",2,"DAHWA KHAIRI KHUTAHA","BANHER","Shallow Tubew ell","Ground Water","Kamaldev Chaudhary","HandPump","Sustainable T/W(0006952680)"
473,"Khagaria","Alauli","Khuta",3,"DAHWA KHAIRI KHUTAHA","BANHER","Shallow Tubew ell","Ground Water","Kamaldev","HandPump","Sustainable T/W(0006952680)"
474,"Khagaria","Alauli","Khuta",4,"DAHWA KHAIRI KHUTAHA","BANHER","Shallow Tubew ell","Ground Water","Ramakant Samiti","HandPump","Sustainable T/W(0006952680)"
475,"Khagaria","Alauli","Khuta",5,"DAHWA KHAIRI KHUTAHA","D PURAB BARI","Shallow Tubew ell","Ground Water",,"HandPump","Alauli New  Sinking H.T. Water Supply(0001988594)"
476,"Khagaria","Alauli","Khuta",6,"DAHWA KHAIRI KHUTAHA","DAHMAPCHMI BARI","Shallow Tubew ell","Ground Water",,"HandPump","Alauli New  Sinking H.T. Water Supply(0001988594)"
477,"Khagaria","Alauli","Khuta",7,"DAHWA KHAIRI KHUTAHA","DHAMMA KHAIRI","Shallow Tubew ell","Ground Water",,"HandPump","ALAULI H.T. Water Supply Scheme(0001986156)"
478,"Khagaria","Alauli","Khuta",8,"DAHWA KHAIRI KHUTAHA","DHAMMA KHAIRI","Shallow Tubew ell","Ground Water",,"HandPump","ALAULI H.T. Water Supply Scheme(0001986156)"
479,"Khagaria","Alauli","Khuta",9,"DAHWA KHAIRI KHUTAHA","DHAMMA KHAIRI","Deep Tubew ell","Ground Water","Near Hanuman Mandir","HandPump","NRDWP(0007074667)"
480,"Khagaria","Alauli","Khuta",10,"DAHWA KHAIRI KHUTAHA","DHAMMA KHAIRI","Shallow Tubew ell","Ground Water","Thakurvari Asok Choudharay","HandPump","Sinkking Of T/W With I R P(Anil Kr F2/11/09- 10)(0006493525)"
481,"Khagaria","Alauli","Khuta",11,"DAHWA KHAIRI KHUTAHA","DHAMMA KHAIRI","Shallow Tubew ell","Ground Water","Sri Mati Radha Devi","HandPump","Sinkking Of T/W With I R P(Anil Kr F2/11/09- 10)(0006493525)"
482,"Khagaria","Alauli","Khuta",12,"DAHWA KHAIRI KHUTAHA","KHIARI DIH","Shallow Tubew ell","Ground Water",,"HandPump","ALAULI H.T. Water Supply Scheme(0001986156)"
483,"Khagaria","Alauli","Khuta",13,"DAHWA KHAIRI KHUTAHA","KHIARI DIH","Shallow Tubew ell","Ground Water","SHANKAR SADA","HandPump","INSTALLATION OF HAND PUMPS(0001961953)"
484,"Khagaria","Alauli","Khuta",14,"DAHWA KHAIRI KHUTAHA","KOYALA","Shallow Tubew ell","Ground Water",,"HandPump","Alauli New  Sinking H.T. Water Supply(0001988594)"
485,"Khagaria","Alauli","Khuta",15,"DAHWA KHAIRI KHUTAHA","KOYALA","Shallow Tubew ell","Ground Water","Panchayat Bhaw an","HandPump","Sinkking Of T/W With I R P(Anil Kr F2/11/09- 10)(0006493525)"
486,"Khagaria","Alauli","Khuta",16,"DAHWA KHAIRI KHUTAHA","LABOURA","Shallow Tubew ell","Ground Water",,"HandPump","Alauli New  Sinking H.T. Water Supply(0001988594)"
487,"Khagaria","Alauli","Khuta",17,"DAHWA KHAIRI KHUTAHA","LABOURA","Deep Tubew ell","Ground Water","Jagdambi Sada Kodra Mushahri","HandPump","IM II T/W NRDWP SUSTAINABLE(Sri Abhishek Kumar, F- 2/3/2013-14) (0006492566)"
488,"Khagaria","Alauli","Khuta",18,"DAHWA KHAIRI KHUTAHA","LABOURA","Shallow Tubew ell","Ground Water","SUNIL SADA","HandPump","INSTALLATION OF HAND PUMPS(0001962024)"
489,"Khagaria","Alauli","Khuta",19,"DAHWA KHAIRI KHUTAHA","SON MANKI","Shallow Tubew ell","Ground Water",,"HandPump","Alauli New  Sinking H.T. Water Supply(0001988594)"
490,"Khagaria","Alauli","Khuta",20,"DAHWA KHAIRI KHUTAHA","SON MANKI","Deep Tubew ell","Ground Water","Budhw a Sada","HandPump","IM II T/W NRDWP SUSTAINABLE(Sri Abhishek Kumar, F- 2/3/2013-14) (0006492566)"
491,"Khagaria","Alauli","Khuta",21,"DAHWA KHAIRI KHUTAHA","SON MANKI","Deep Tubew ell","Ground Water","Shivu Sah Sarvjanik Sthan","HandPump","NRDWP(0007074667)"
492,"Khagaria","Alauli","Khuta",22,"DAHWA KHAIRI KHUTAHA","UDHAN GHARARI","Shallow Tubew ell","Ground Water",,"HandPump","Alauli New  Sinking H.T. Water Supply(0001988594)"
493,"Khagaria","Alauli","Khuta",23,"MOHANPUR","HARIJAN TOLA","Deep Tubew ell","Ground Water","T/W 2","HandPump","Khagaria Iron Aff. Habitation Scheme(0005579048)"
494,"Khagaria","Alauli","Khuta",24,"MOHANPUR","HARIJAN TOLA","Deep Tubew ell","Ground Water","T/W 3","HandPump","Khagaria Iron Aff. Habitation Scheme(0005579048)"
495,"Khagaria","Alauli","Khuta",25,"MOHANPUR","HARIJAN TOLA","Deep Tubew ell","Ground Water","T/W 4","HandPump","Khagaria Iron Aff. Habitation Scheme(0005579048)"
496,"Khagaria","Alauli","Khuta",26,"MOHANPUR","HARIJAN TOLA","Deep Tubew ell","Ground Water","T/W 5","HandPump","Quality Habitation Scheme(0005815824)"
497,"Khagaria","Alauli","Khuta",27,"MOHANPUR","HARIJAN TOLA","Shallow Tubew ell","Ground Water","T/W 1","HandPump","Shri Moti Sada(0000047306)"
498,"Khagaria","Alauli","Khuta",28,"MOHANPUR","MOHAN PUR","Deep Tubew ell","Ground Water","T/W 2","HandPump","Khagaria Iron Aff. Habitation Scheme(0005579048)"
499,"Khagaria","Alauli","Khuta",29,"MOHANPUR","MOHAN PUR","Deep Tubew ell","Ground Water","T/W 3","HandPump","Khagaria Iron Aff. Habitation Scheme(0005579048)"
500,"Khagaria","Alauli","Khuta",30,"MOHANPUR","MOHAN PUR","Deep Tubew ell","Ground Water","T/W 4","HandPump","Khagaria Iron Aff. Habitation Scheme(0005579048)"
501,"Khagaria","Alauli","Khuta",31,"MOHANPUR","MOHAN PUR","Deep Tubew ell","Ground Water","T/W 5","HandPump","Khagaria Iron Aff. Habitation Scheme(0005579048)"
502,"Khagaria","Alauli","Khuta",32,"MOHANPUR","MOHAN PUR","Shallow Tubew ell","Ground Water","T/W 1","HandPump","Shri Naresh Saha(0000046993)"
